{"d":"d","E":"EEE","EEEE":"EEEE","LLL":"LLL","LLLL":"LLLL","M":"L","Md":"M-d","MEd":"EEE M-d","MMM":"LLL","MMMd":"d MMM","MMMEd":"EEE d MMM","MMMM":"LLLL","MMMMd":"d MMMM","MMMMEEEEd":"EEEE d MMMM","QQQ":"QQQ","QQQQ":"QQQQ","y":"y","yM":"y-MM","yMd":"y-MM-dd","yMEd":"EEE y-MM-dd","yMMM":"MMM y","yMMMd":"d MMM y","yMMMEd":"EEE d MMM y","yMMMM":"MMMM y","yMMMMd":"d MMMM y","yMMMMEEEEd":"EEEE d MMMM y","yQQQ":"QQQ y","yQQQQ":"QQQQ y","H":"HH 'h'","Hm":"HH 'h' mm","Hms":"HH 'h' mm 'min' ss 's'","j":"HH 'h'","jm":"HH 'h' mm","jms":"HH 'h' mm 'min' ss 's'","jmv":"HH 'h' mm v","jmz":"HH 'h' mm z","jz":"HH 'h' z","m":"m","ms":"mm 'min' ss 's'","s":"s","v":"v","z":"z","zzzz":"zzzz","ZZZZ":"ZZZZ"}