{"d":"d","E":"ccc","EEEE":"cccc","LLL":"LLL","LLLL":"LLLL","M":"L","Md":"MM/dd","MEd":"MM/dd, EEE","MMM":"LLL","MMMd":"MMM'ын' d","MMMEd":"MMM'ын' d, EEE","MMMM":"LLLL","MMMMd":"MMM'ын' d","MMMMEEEEd":"MMMM'ын' d, EEEE","QQQ":"QQQ","QQQQ":"QQQQ","y":"y","yM":"y M","yMd":"y.MM.dd","yMEd":"y.MM.dd, EEE","yMMM":"y 'оны' MMM","yMMMd":"y.MM.dd","yMMMEd":"y.MM.dd, EEE","yMMMM":"y 'оны' MMM","yMMMMd":"y.MM.dd","yMMMMEEEEd":"y.MM.dd, EEEE","yQQQ":"y QQQ","yQQQQ":"y 'оны' QQQQ","H":"HH 'ц'","Hm":"HH:mm","Hms":"HH:mm:ss","j":"HH 'ц'","jm":"HH:mm","jms":"HH:mm:ss","jmv":"HH:mm v","jmz":"HH:mm z","jz":"HH 'ц' z","m":"m","ms":"mm:ss","s":"s","v":"v","z":"z","zzzz":"zzzz","ZZZZ":"ZZZZ"}