{"d":"d","E":"ccc","EEEE":"cccc","LLL":"LLL","LLLL":"LLLL","M":"L","Md":"d/M","MEd":"EEE, dd/MM","MMM":"LLL","MMMd":"d 'de' MMM","MMMEd":"EEE, d 'de' MMM","MMMM":"LLLL","MMMMd":"d 'de' MMMM","MMMMEEEEd":"EEEE, d 'de' MMMM","QQQ":"QQQ","QQQQ":"QQQQ","y":"y","yM":"MM/y","yMd":"dd/MM/y","yMEd":"EEE, dd/MM/y","yMMM":"MMM 'de' y","yMMMd":"d 'de' MMM 'de' y","yMMMEd":"EEE, d 'de' MMM 'de' y","yMMMM":"MMMM 'de' y","yMMMMd":"d 'de' MMMM 'de' y","yMMMMEEEEd":"EEEE, d 'de' MMMM 'de' y","yQQQ":"QQQ 'de' y","yQQQQ":"QQQQ 'de' y","H":"HH","Hm":"HH:mm","Hms":"HH:mm:ss","j":"HH","jm":"HH:mm","jms":"HH:mm:ss","jmv":"HH:mm v","jmz":"HH:mm z","jz":"HH z","m":"m","ms":"mm:ss","s":"s","v":"v","z":"z","zzzz":"zzzz","ZZZZ":"ZZZZ"}