{"d":"d","E":"ccc","EEEE":"cccc","LLL":"LLL","LLLL":"LLLL","M":"L","Md":"d/M","MEd":"dd-MM, EEE","MMM":"LLL","MMMd":"MMM d","MMMEd":"MMM d, EEE","MMMM":"LLLL","MMMMd":"d MMMM","MMMMEEEEd":"MMMM d, EEEE","QQQ":"QQQ","QQQQ":"QQQQ","y":"y","yM":"M/y","yMd":"d/M/y","yMEd":"EEE, d/M/y","yMMM":"MMM y","yMMMd":"d MMM, y","yMMMEd":"EEE, d MMM, y","yMMMM":"MMMM y","yMMMMd":"d MMMM, y","yMMMMEEEEd":"EEEE, d MMMM, y","yQQQ":"QQQ y","yQQQQ":"QQQQ y","H":"HH","Hm":"HH:mm","Hms":"HH:mm:ss","j":"a h","jm":"a h:mm","jms":"a h:mm:ss","jmv":"a h:mm v","jmz":"a h:mm z","jz":"a h z","m":"m","ms":"mm:ss","s":"s","v":"v","z":"z","zzzz":"zzzz","ZZZZ":"ZZZZ"}