{"d":"d","E":"ccc","EEEE":"cccc","LLL":"LLL","LLLL":"LLLL","M":"L","Md":"dd/M","MEd":"EEE, dd/M","MMM":"LLL","MMMd":"d MMM","MMMEd":"EEE, d MMM","MMMM":"LLLL","MMMMd":"d MMMM","MMMMEEEEd":"EEEE, d MMMM","QQQ":"QQQ","QQQQ":"QQQQ","y":"y","yM":"M/y","yMd":"d/M/y","yMEd":"EEE, dd/M/y","yMMM":"MMM y","yMMMd":"d MMM, y","yMMMEd":"EEE, d MMM, y","yMMMM":"MMMM 'năm' y","yMMMMd":"d MMMM, y","yMMMMEEEEd":"EEEE, d MMMM, y","yQQQ":"QQQ y","yQQQQ":"QQQQ 'năm' y","H":"HH","Hm":"H:mm","Hms":"HH:mm:ss","j":"HH","jm":"H:mm","jms":"HH:mm:ss","jmv":"HH:mm v","jmz":"HH:mm z","jz":"HH z","m":"m","ms":"mm:ss","s":"s","v":"v","z":"z","zzzz":"zzzz","ZZZZ":"ZZZZ"}