{"NAME":"ar","ERAS":["ق.م","م"],"ERANAMES":["قبل الميلاد","ميلادي"],"NARROWMONTHS":["ي","ف","م","أ","و","ن","ل","غ","س","ك","ب","د"],"STANDALONENARROWMONTHS":["ي","ف","م","أ","و","ن","ل","غ","س","ك","ب","د"],"MONTHS":["يناير","فبراير","مارس","أبريل","مايو","يونيو","يوليو","أغسطس","سبتمبر","أكتوبر","نوفمبر","ديسمبر"],"STANDALONEMONTHS":["يناير","فبراير","مارس","أبريل","مايو","يونيو","يوليو","أغسطس","سبتمبر","أكتوبر","نوفمبر","ديسمبر"],"SHORTMONTHS":["يناير","فبراير","مارس","أبريل","مايو","يونيو","يوليو","أغسطس","سبتمبر","أكتوبر","نوفمبر","ديسمبر"],"STANDALONESHORTMONTHS":["يناير","فبراير","مارس","أبريل","مايو","يونيو","يوليو","أغسطس","سبتمبر","أكتوبر","نوفمبر","ديسمبر"],"WEEKDAYS":["الأحد","الاثنين","الثلاثاء","الأربعاء","الخميس","الجمعة","السبت"],"STANDALONEWEEKDAYS":["الأحد","الاثنين","الثلاثاء","الأربعاء","الخميس","الجمعة","السبت"],"SHORTWEEKDAYS":["الأحد","الاثنين","الثلاثاء","الأربعاء","الخميس","الجمعة","السبت"],"STANDALONESHORTWEEKDAYS":["الأحد","الاثنين","الثلاثاء","الأربعاء","الخميس","الجمعة","السبت"],"NARROWWEEKDAYS":["ح","ن","ث","ر","خ","ج","س"],"STANDALONENARROWWEEKDAYS":["ح","ن","ث","ر","خ","ج","س"],"SHORTQUARTERS":["الربع الأول","الربع الثاني","الربع الثالث","الربع الرابع"],"QUARTERS":["الربع الأول","الربع الثاني","الربع الثالث","الربع الرابع"],"AMPMS":["ص","م"],"DATEFORMATS":["EEEE، d MMMM y","d MMMM y","dd‏/MM‏/y","d‏/M‏/y"],"TIMEFORMATS":["h:mm:ss a zzzz","h:mm:ss a z","h:mm:ss a","h:mm a"],"AVAILABLEFORMATS":null,"FIRSTDAYOFWEEK":5,"WEEKENDRANGE":[4,5],"FIRSTWEEKCUTOFFDAY":4,"DATETIMEFORMATS":["{1} {0}","{1} {0}","{1} {0}","{1} {0}"],"ZERODIGIT":"٠"}