{"NAME":"be","ERAS":["да н.э.","н.э."],"ERANAMES":["да нараджэння Хрыстова","ад нараджэння Хрыстова"],"NARROWMONTHS":["с","л","с","к","м","ч","л","ж","в","к","л","с"],"STANDALONENARROWMONTHS":["с","л","с","к","м","ч","л","ж","в","к","л","с"],"MONTHS":["студзеня","лютага","сакавіка","красавіка","мая","чэрвеня","ліпеня","жніўня","верасня","кастрычніка","лістапада","снежня"],"STANDALONEMONTHS":["студзень","люты","сакавік","красавік","май","чэрвень","ліпень","жнівень","верасень","кастрычнік","лістапад","снежань"],"SHORTMONTHS":["сту","лют","сак","кра","мая","чэр","ліп","жні","вер","кас","ліс","сне"],"STANDALONESHORTMONTHS":["сту","лют","сак","кра","май","чэр","ліп","жні","вер","кас","ліс","сне"],"WEEKDAYS":["нядзеля","панядзелак","аўторак","серада","чацвер","пятніца","субота"],"STANDALONEWEEKDAYS":["нядзеля","панядзелак","аўторак","серада","чацвер","пятніца","субота"],"SHORTWEEKDAYS":["нд","пн","аў","ср","чц","пт","сб"],"STANDALONESHORTWEEKDAYS":["нд","пн","аў","ср","чц","пт","сб"],"NARROWWEEKDAYS":["н","п","а","с","ч","п","с"],"STANDALONENARROWWEEKDAYS":["н","п","а","с","ч","п","с"],"SHORTQUARTERS":["1-шы кв.","2-гі кв.","3-ці кв.","4-ты кв."],"QUARTERS":["1-шы квартал","2-гі квартал","3-ці квартал","4-ты квартал"],"AMPMS":["AM","PM"],"DATEFORMATS":["EEEE, d MMMM y 'г'.","d MMMM y 'г'.","d.MM.y","d.MM.yy"],"TIMEFORMATS":["HH:mm:ss, zzzz","HH:mm:ss z","HH:mm:ss","HH:mm"],"AVAILABLEFORMATS":null,"FIRSTDAYOFWEEK":0,"WEEKENDRANGE":[5,6],"FIRSTWEEKCUTOFFDAY":6,"DATETIMEFORMATS":["{1} 'у' {0}","{1} 'у' {0}","{1}, {0}","{1}, {0}"]}