{"NAME":"bn","ERAS":["খ্রিস্টপূর্ব","খৃষ্টাব্দ"],"ERANAMES":["খ্রিস্টপূর্ব","খ্রীষ্টাব্দ"],"NARROWMONTHS":["জা","ফে","মা","এ","মে","জুন","জু","আ","সে","অ","ন","ডি"],"STANDALONENARROWMONTHS":["জা","ফে","মা","এ","মে","জুন","জু","আ","সে","অ","ন","ডি"],"MONTHS":["জানুয়ারী","ফেব্রুয়ারী","মার্চ","এপ্রিল","মে","জুন","জুলাই","আগস্ট","সেপ্টেম্বর","অক্টোবর","নভেম্বর","ডিসেম্বর"],"STANDALONEMONTHS":["জানুয়ারী","ফেব্রুয়ারী","মার্চ","এপ্রিল","মে","জুন","জুলাই","আগস্ট","সেপ্টেম্বর","অক্টোবর","নভেম্বর","ডিসেম্বর"],"SHORTMONTHS":["জানু","ফেব","মার্চ","এপ্রিল","মে","জুন","জুলাই","আগস্ট","সেপ্টেম্বর","অক্টোবর","নভেম্বর","ডিসেম্বর"],"STANDALONESHORTMONTHS":["জানুয়ারী","ফেব্রুয়ারী","মার্চ","এপ্রিল","মে","জুন","জুলাই","আগস্ট","সেপ্টেম্বর","অক্টোবর","নভেম্বর","ডিসেম্বর"],"WEEKDAYS":["রবিবার","সোমবার","মঙ্গলবার","বুধবার","বৃহস্পতিবার","শুক্রবার","শনিবার"],"STANDALONEWEEKDAYS":["রবিবার","সোমবার","মঙ্গলবার","বুধবার","বৃহষ্পতিবার","শুক্রবার","শনিবার"],"SHORTWEEKDAYS":["রবি","সোম","মঙ্গল","বুধ","বৃহস্পতি","শুক্র","শনি"],"STANDALONESHORTWEEKDAYS":["রবি","সোম","মঙ্গল","বুধ","বৃহস্পতি","শুক্র","শনি"],"NARROWWEEKDAYS":["র","সো","ম","বু","বৃ","শু","শ"],"STANDALONENARROWWEEKDAYS":["র","সো","ম","বু","বৃ","শু","শ"],"SHORTQUARTERS":["Q1","Q2","Q3","Q4"],"QUARTERS":["ত্রৈমাসিক","দ্বিতীয় ত্রৈমাসিক","তৃতীয় ত্রৈমাসিক","চতুর্থ ত্রৈমাসিক"],"AMPMS":["AM","PM"],"DATEFORMATS":["EEEE, d MMMM, y","d MMMM, y","d MMM, y","d/M/yy"],"TIMEFORMATS":["h:mm:ss a zzzz","h:mm:ss a z","h:mm:ss a","h:mm a"],"AVAILABLEFORMATS":null,"FIRSTDAYOFWEEK":6,"WEEKENDRANGE":[5,6],"FIRSTWEEKCUTOFFDAY":5,"DATETIMEFORMATS":["{1} {0}","{1} {0}","{1} {0}","{1} {0}"],"ZERODIGIT":"০"}