{"NAME":"br","ERAS":["a-raok J.K.","goude J.K."],"ERANAMES":["a-raok Jezuz-Krist","goude Jezuz-Krist"],"NARROWMONTHS":["01","02","03","04","05","06","07","08","09","10","11","12"],"STANDALONENARROWMONTHS":["01","02","03","04","05","06","07","08","09","10","11","12"],"MONTHS":["Genver","Cʼhwevrer","Meurzh","Ebrel","Mae","Mezheven","Gouere","Eost","Gwengolo","Here","Du","Kerzu"],"STANDALONEMONTHS":["Genver","Cʼhwevrer","Meurzh","Ebrel","Mae","Mezheven","Gouere","Eost","Gwengolo","Here","Du","Kerzu"],"SHORTMONTHS":["Gen.","Cʼhwe.","Meur.","Ebr.","Mae","Mezh.","Goue.","Eost","Gwen.","Here","Du","Kzu."],"STANDALONESHORTMONTHS":["Gen.","Cʼhwe.","Meur.","Ebr.","Mae","Mezh.","Goue.","Eost","Gwen.","Here","Du","Kzu."],"WEEKDAYS":["Sul","Lun","Meurzh","Mercʼher","Yaou","Gwener","Sadorn"],"STANDALONEWEEKDAYS":["Sul","Lun","Meurzh","Mercʼher","Yaou","Gwener","Sadorn"],"SHORTWEEKDAYS":["Sul","Lun","Meu.","Mer.","Yaou","Gwe.","Sad."],"STANDALONESHORTWEEKDAYS":["Sul","Lun","Meu.","Mer.","Yaou","Gwe.","Sad."],"NARROWWEEKDAYS":["Su","L","Mz","Mc","Y","G","Sa"],"STANDALONENARROWWEEKDAYS":["Su","L","Mz","Mc","Y","G","Sa"],"SHORTQUARTERS":["1añ trim.","2l trim.","3e trim.","4e trim."],"QUARTERS":["1añ trimiziad","2l trimiziad","3e trimiziad","4e trimiziad"],"AMPMS":["A.M.","G.M."],"DATEFORMATS":["EEEE d MMMM y","d MMMM y","d MMM y","dd/MM/y"],"TIMEFORMATS":["HH:mm:ss zzzz","HH:mm:ss z","HH:mm:ss","HH:mm"],"AVAILABLEFORMATS":null,"FIRSTDAYOFWEEK":0,"WEEKENDRANGE":[5,6],"FIRSTWEEKCUTOFFDAY":6,"DATETIMEFORMATS":["{1} 'da' {0}","{1} 'da' {0}","{1}, {0}","{1} {0}"]}