{"NAME":"bs","ERAS":["p. n. e.","n. e."],"ERANAMES":["prije nove ere","nove ere"],"NARROWMONTHS":["j","f","m","a","m","j","j","a","s","o","n","d"],"STANDALONENARROWMONTHS":["j","f","m","a","m","j","j","a","s","o","n","d"],"MONTHS":["januar","februar","mart","april","maj","juni","juli","avgust","septembar","oktobar","novembar","decembar"],"STANDALONEMONTHS":["januar","februar","mart","april","maj","juni","juli","avgust","septembar","oktobar","novembar","decembar"],"SHORTMONTHS":["jan","feb","mar","apr","maj","jun","jul","avg","sep","okt","nov","dec"],"STANDALONESHORTMONTHS":["jan","feb","mar","apr","maj","jun","jul","avg","sep","okt","nov","dec"],"WEEKDAYS":["nedjelja","ponedjeljak","utorak","srijeda","četvrtak","petak","subota"],"STANDALONEWEEKDAYS":["nedjelja","ponedjeljak","utorak","srijeda","četvrtak","petak","subota"],"SHORTWEEKDAYS":["ned","pon","uto","sri","čet","pet","sub"],"STANDALONESHORTWEEKDAYS":["ned","pon","uto","sri","čet","pet","sub"],"NARROWWEEKDAYS":["N","P","U","S","Č","P","S"],"STANDALONENARROWWEEKDAYS":["n","p","u","s","č","p","s"],"SHORTQUARTERS":["KV1","KV2","KV3","KV4"],"QUARTERS":["Prvi kvartal","Drugi kvartal","Treći kvartal","Četvrti kvartal"],"AMPMS":["prijepodne","popodne"],"DATEFORMATS":["EEEE, d. MMMM y.","d. MMMM y.","d. MMM y.","d.M.yy."],"TIMEFORMATS":["HH:mm:ss zzzz","HH:mm:ss z","HH:mm:ss","HH:mm"],"AVAILABLEFORMATS":null,"FIRSTDAYOFWEEK":0,"WEEKENDRANGE":[5,6],"FIRSTWEEKCUTOFFDAY":6,"DATETIMEFORMATS":["{1} 'u' {0}","{1} 'u' {0}","{1} {0}","{1} {0}"]}