{"NAME":"ca","ERAS":["aC","dC"],"ERANAMES":["abans de Crist","després de Crist"],"NARROWMONTHS":["GN","FB","MÇ","AB","MG","JN","JL","AG","ST","OC","NV","DS"],"STANDALONENARROWMONTHS":["GN","FB","MÇ","AB","MG","JN","JL","AG","ST","OC","NV","DS"],"MONTHS":["de gener","de febrer","de març","d’abril","de maig","de juny","de juliol","d’agost","de setembre","d’octubre","de novembre","de desembre"],"STANDALONEMONTHS":["gener","febrer","març","abril","maig","juny","juliol","agost","setembre","octubre","novembre","desembre"],"SHORTMONTHS":["de gen.","de febr.","de març","d’abr.","de maig","de juny","de jul.","d’ag.","de set.","d’oct.","de nov.","de des."],"STANDALONESHORTMONTHS":["gen.","febr.","març","abr.","maig","juny","jul.","ag.","set.","oct.","nov.","des."],"WEEKDAYS":["diumenge","dilluns","dimarts","dimecres","dijous","divendres","dissabte"],"STANDALONEWEEKDAYS":["diumenge","dilluns","dimarts","dimecres","dijous","divendres","dissabte"],"SHORTWEEKDAYS":["dg.","dl.","dt.","dc.","dj.","dv.","ds."],"STANDALONESHORTWEEKDAYS":["dg.","dl.","dt.","dc.","dj.","dv.","ds."],"NARROWWEEKDAYS":["dg","dl","dt","dc","dj","dv","ds"],"STANDALONENARROWWEEKDAYS":["dg","dl","dt","dc","dj","dv","ds"],"SHORTQUARTERS":["1T","2T","3T","4T"],"QUARTERS":["1r trimestre","2n trimestre","3r trimestre","4t trimestre"],"AMPMS":["a. m.","p. m."],"DATEFORMATS":["EEEE, d MMMM 'de' y","d MMMM 'de' y","d MMM y","d/M/yy"],"TIMEFORMATS":["H:mm:ss zzzz","H:mm:ss z","H:mm:ss","H:mm"],"AVAILABLEFORMATS":null,"FIRSTDAYOFWEEK":0,"WEEKENDRANGE":[5,6],"FIRSTWEEKCUTOFFDAY":3,"DATETIMEFORMATS":["{1} 'a' 'les' {0}","{1} 'a' 'les' {0}","{1}, {0}","{1} {0}"]}