{"NAME":"cs","ERAS":["př. n. l.","n. l."],"ERANAMES":["před naším letopočtem","našeho letopočtu"],"NARROWMONTHS":["1","2","3","4","5","6","7","8","9","10","11","12"],"STANDALONENARROWMONTHS":["1","2","3","4","5","6","7","8","9","10","11","12"],"MONTHS":["ledna","února","března","dubna","května","června","července","srpna","září","října","listopadu","prosince"],"STANDALONEMONTHS":["leden","únor","březen","duben","květen","červen","červenec","srpen","září","říjen","listopad","prosinec"],"SHORTMONTHS":["led","úno","bře","dub","kvě","čvn","čvc","srp","zář","říj","lis","pro"],"STANDALONESHORTMONTHS":["led","úno","bře","dub","kvě","čvn","čvc","srp","zář","říj","lis","pro"],"WEEKDAYS":["neděle","pondělí","úterý","středa","čtvrtek","pátek","sobota"],"STANDALONEWEEKDAYS":["neděle","pondělí","úterý","středa","čtvrtek","pátek","sobota"],"SHORTWEEKDAYS":["ne","po","út","st","čt","pá","so"],"STANDALONESHORTWEEKDAYS":["ne","po","út","st","čt","pá","so"],"NARROWWEEKDAYS":["N","P","Ú","S","Č","P","S"],"STANDALONENARROWWEEKDAYS":["N","P","Ú","S","Č","P","S"],"SHORTQUARTERS":["Q1","Q2","Q3","Q4"],"QUARTERS":["1. čtvrtletí","2. čtvrtletí","3. čtvrtletí","4. čtvrtletí"],"AMPMS":["dop.","odp."],"DATEFORMATS":["EEEE d. MMMM y","d. MMMM y","d. M. y","dd.MM.yy"],"TIMEFORMATS":["H:mm:ss zzzz","H:mm:ss z","H:mm:ss","H:mm"],"AVAILABLEFORMATS":null,"FIRSTDAYOFWEEK":0,"WEEKENDRANGE":[5,6],"FIRSTWEEKCUTOFFDAY":3,"DATETIMEFORMATS":["{1} {0}","{1} {0}","{1} {0}","{1} {0}"]}