{"NAME":"cy","ERAS":["CC","OC"],"ERANAMES":["Cyn Crist","Oed Crist"],"NARROWMONTHS":["I","Ch","M","E","M","M","G","A","M","H","T","Rh"],"STANDALONENARROWMONTHS":["I","Ch","M","E","M","M","G","A","M","H","T","Rh"],"MONTHS":["Ionawr","Chwefror","Mawrth","Ebrill","Mai","Mehefin","Gorffennaf","Awst","Medi","Hydref","Tachwedd","Rhagfyr"],"STANDALONEMONTHS":["Ionawr","Chwefror","Mawrth","Ebrill","Mai","Mehefin","Gorffennaf","Awst","Medi","Hydref","Tachwedd","Rhagfyr"],"SHORTMONTHS":["Ion","Chwef","Maw","Ebrill","Mai","Meh","Gorff","Awst","Medi","Hyd","Tach","Rhag"],"STANDALONESHORTMONTHS":["Ion","Chw","Maw","Ebr","Mai","Meh","Gor","Awst","Medi","Hyd","Tach","Rhag"],"WEEKDAYS":["Dydd Sul","Dydd Llun","Dydd Mawrth","Dydd Mercher","Dydd Iau","Dydd Gwener","Dydd Sadwrn"],"STANDALONEWEEKDAYS":["Dydd Sul","Dydd Llun","Dydd Mawrth","Dydd Mercher","Dydd Iau","Dydd Gwener","Dydd Sadwrn"],"SHORTWEEKDAYS":["Sul","Llun","Maw","Mer","Iau","Gwen","Sad"],"STANDALONESHORTWEEKDAYS":["Sul","Llun","Maw","Mer","Iau","Gwe","Sad"],"NARROWWEEKDAYS":["S","Ll","M","M","I","G","S"],"STANDALONENARROWWEEKDAYS":["S","Ll","M","M","I","G","S"],"SHORTQUARTERS":["Ch1","Ch2","Ch3","Ch4"],"QUARTERS":["chwarter 1af","2il chwarter","3ydd chwarter","4ydd chwarter"],"AMPMS":["yb","yh"],"DATEFORMATS":["EEEE, d MMMM y","d MMMM y","d MMM y","dd/MM/yy"],"TIMEFORMATS":["HH:mm:ss zzzz","HH:mm:ss z","HH:mm:ss","HH:mm"],"AVAILABLEFORMATS":null,"FIRSTDAYOFWEEK":0,"WEEKENDRANGE":[5,6],"FIRSTWEEKCUTOFFDAY":3,"DATETIMEFORMATS":["{1} 'am' {0}","{1} 'am' {0}","{1} {0}","{1} {0}"]}