{"NAME":"da","ERAS":["f.Kr.","e.Kr."],"ERANAMES":["f.Kr.","e.Kr."],"NARROWMONTHS":["J","F","M","A","M","J","J","A","S","O","N","D"],"STANDALONENARROWMONTHS":["J","F","M","A","M","J","J","A","S","O","N","D"],"MONTHS":["januar","februar","marts","april","maj","juni","juli","august","september","oktober","november","december"],"STANDALONEMONTHS":["januar","februar","marts","april","maj","juni","juli","august","september","oktober","november","december"],"SHORTMONTHS":["jan.","feb.","mar.","apr.","maj","jun.","jul.","aug.","sep.","okt.","nov.","dec."],"STANDALONESHORTMONTHS":["jan.","feb.","mar.","apr.","maj","jun.","jul.","aug.","sep.","okt.","nov.","dec."],"WEEKDAYS":["søndag","mandag","tirsdag","onsdag","torsdag","fredag","lørdag"],"STANDALONEWEEKDAYS":["søndag","mandag","tirsdag","onsdag","torsdag","fredag","lørdag"],"SHORTWEEKDAYS":["søn.","man.","tir.","ons.","tor.","fre.","lør."],"STANDALONESHORTWEEKDAYS":["søn","man","tir","ons","tor","fre","lør"],"NARROWWEEKDAYS":["S","M","T","O","T","F","L"],"STANDALONENARROWWEEKDAYS":["S","M","T","O","T","F","L"],"SHORTQUARTERS":["1. kvt.","2. kvt.","3. kvt.","4. kvt."],"QUARTERS":["1. kvartal","2. kvartal","3. kvartal","4. kvartal"],"AMPMS":["AM","PM"],"DATEFORMATS":["EEEE 'den' d. MMMM y","d. MMMM y","d. MMM y","dd/MM/y"],"TIMEFORMATS":["HH.mm.ss zzzz","HH.mm.ss z","HH.mm.ss","HH.mm"],"AVAILABLEFORMATS":null,"FIRSTDAYOFWEEK":0,"WEEKENDRANGE":[5,6],"FIRSTWEEKCUTOFFDAY":3,"DATETIMEFORMATS":["{1} 'kl'. {0}","{1} 'kl'. {0}","{1} {0}","{1} {0}"]}