{"NAME":"es_US","ERAS":["a. C.","d. C."],"ERANAMES":["antes de Cristo","después de Cristo"],"NARROWMONTHS":["E","F","M","A","M","J","J","A","S","O","N","D"],"STANDALONENARROWMONTHS":["E","F","M","A","M","J","J","A","S","O","N","D"],"MONTHS":["enero","febrero","marzo","abril","mayo","junio","julio","agosto","septiembre","octubre","noviembre","diciembre"],"STANDALONEMONTHS":["enero","febrero","marzo","abril","mayo","junio","julio","agosto","septiembre","octubre","noviembre","diciembre"],"SHORTMONTHS":["ene.","feb.","mar.","abr.","may.","jun.","jul.","ago.","sep.","oct.","nov.","dic."],"STANDALONESHORTMONTHS":["ene.","feb.","mar.","abr.","may.","jun.","jul.","ago.","sep.","oct.","nov.","dic."],"WEEKDAYS":["domingo","lunes","martes","miércoles","jueves","viernes","sábado"],"STANDALONEWEEKDAYS":["domingo","lunes","martes","miércoles","jueves","viernes","sábado"],"SHORTWEEKDAYS":["dom.","lun.","mar.","mié.","jue.","vie.","sáb."],"STANDALONESHORTWEEKDAYS":["dom.","lun.","mar.","mié.","jue.","vie.","sáb."],"NARROWWEEKDAYS":["D","L","M","M","J","V","S"],"STANDALONENARROWWEEKDAYS":["D","L","M","M","J","V","S"],"SHORTQUARTERS":["T1","T2","T3","T4"],"QUARTERS":["1.er trimestre","2.º trimestre","3.er trimestre","4.º trimestre"],"AMPMS":["a. m.","p. m."],"DATEFORMATS":["EEEE, d 'de' MMMM 'de' y","d 'de' MMMM 'de' y","d MMM y","d/M/y"],"TIMEFORMATS":["h:mm:ss a zzzz","h:mm:ss a z","h:mm:ss a","h:mm a"],"AVAILABLEFORMATS":null,"FIRSTDAYOFWEEK":6,"WEEKENDRANGE":[5,6],"FIRSTWEEKCUTOFFDAY":5,"DATETIMEFORMATS":["{1}, {0}","{1}, {0}","{1} {0}","{1} {0}"]}