{"NAME":"et","ERAS":["eKr","pKr"],"ERANAMES":["enne Kristust","pärast Kristust"],"NARROWMONTHS":["J","V","M","A","M","J","J","A","S","O","N","D"],"STANDALONENARROWMONTHS":["J","V","M","A","M","J","J","A","S","O","N","D"],"MONTHS":["jaanuar","veebruar","märts","aprill","mai","juuni","juuli","august","september","oktoober","november","detsember"],"STANDALONEMONTHS":["jaanuar","veebruar","märts","aprill","mai","juuni","juuli","august","september","oktoober","november","detsember"],"SHORTMONTHS":["jaan","veebr","märts","apr","mai","juuni","juuli","aug","sept","okt","nov","dets"],"STANDALONESHORTMONTHS":["jaan","veebr","märts","apr","mai","juuni","juuli","aug","sept","okt","nov","dets"],"WEEKDAYS":["pühapäev","esmaspäev","teisipäev","kolmapäev","neljapäev","reede","laupäev"],"STANDALONEWEEKDAYS":["pühapäev","esmaspäev","teisipäev","kolmapäev","neljapäev","reede","laupäev"],"SHORTWEEKDAYS":["P","E","T","K","N","R","L"],"STANDALONESHORTWEEKDAYS":["P","E","T","K","N","R","L"],"NARROWWEEKDAYS":["P","E","T","K","N","R","L"],"STANDALONENARROWWEEKDAYS":["P","E","T","K","N","R","L"],"SHORTQUARTERS":["K1","K2","K3","K4"],"QUARTERS":["1. kvartal","2. kvartal","3. kvartal","4. kvartal"],"AMPMS":["AM","PM"],"DATEFORMATS":["EEEE, d. MMMM y","d. MMMM y","d. MMM y","dd.MM.yy"],"TIMEFORMATS":["HH:mm:ss zzzz","HH:mm:ss z","HH:mm:ss","HH:mm"],"AVAILABLEFORMATS":null,"FIRSTDAYOFWEEK":0,"WEEKENDRANGE":[5,6],"FIRSTWEEKCUTOFFDAY":3,"DATETIMEFORMATS":["{1} {0}","{1} {0}","{1} {0}","{1} {0}"]}