{"NAME":"eu","ERAS":["K.a.","K.o."],"ERANAMES":["K.a.","Kristo ondoren"],"NARROWMONTHS":["U","O","M","A","M","E","U","A","I","U","A","A"],"STANDALONENARROWMONTHS":["U","O","M","A","M","E","U","A","I","U","A","A"],"MONTHS":["urtarrila","otsaila","martxoa","apirila","maiatza","ekaina","uztaila","abuztua","iraila","urria","azaroa","abendua"],"STANDALONEMONTHS":["urtarrila","Otsaila","Martxoa","Apirila","Maiatza","Ekaina","Uztaila","Abuztua","Iraila","Urria","Azaroa","Abendua"],"SHORTMONTHS":["urt.","ots.","mar.","api.","mai.","eka.","uzt.","abu.","ira.","urr.","aza.","abe."],"STANDALONESHORTMONTHS":["urt.","ots.","mar.","api.","mai.","eka.","uzt.","abu.","ira.","urr.","aza.","abe."],"WEEKDAYS":["igandea","astelehena","asteartea","asteazkena","osteguna","ostirala","larunbata"],"STANDALONEWEEKDAYS":["Igandea","Astelehena","Asteartea","Asteazkena","Osteguna","Ostirala","Larunbata"],"SHORTWEEKDAYS":["ig.","al.","ar.","az.","og.","or.","lr."],"STANDALONESHORTWEEKDAYS":["ig.","al.","ar.","az.","og.","or.","lr."],"NARROWWEEKDAYS":["I","A","A","A","O","O","L"],"STANDALONENARROWWEEKDAYS":["I","A","A","A","O","O","L"],"SHORTQUARTERS":["1Hh","2Hh","3Hh","4Hh"],"QUARTERS":["1. hiruhilekoa","2. hiruhilekoa","3. hiruhilekoa","4. hiruhilekoa"],"AMPMS":["AM","PM"],"DATEFORMATS":["y('e')'ko' MMMM'ren' d('a'), EEEE","y('e')'ko' MMMM'ren' d('a')","y MMM d","yy/M/d"],"TIMEFORMATS":["HH:mm:ss (zzzz)","HH:mm:ss (z)","HH:mm:ss","HH:mm"],"AVAILABLEFORMATS":null,"FIRSTDAYOFWEEK":0,"WEEKENDRANGE":[5,6],"FIRSTWEEKCUTOFFDAY":3,"DATETIMEFORMATS":["{1} {0}","{1} {0}","{1} {0}","{1} {0}"]}