{"NAME":"fa","ERAS":["ق.م.","م."],"ERANAMES":["قبل از میلاد","میلادی"],"NARROWMONTHS":["ژ","ف","م","آ","م","ژ","ژ","ا","س","ا","ن","د"],"STANDALONENARROWMONTHS":["ژ","ف","م","آ","م","ژ","ژ","ا","س","ا","ن","د"],"MONTHS":["ژانویهٔ","فوریهٔ","مارس","آوریل","مهٔ","ژوئن","ژوئیهٔ","اوت","سپتامبر","اکتبر","نوامبر","دسامبر"],"STANDALONEMONTHS":["ژانویه","فوریه","مارس","آوریل","مه","ژوئن","ژوئیه","اوت","سپتامبر","اکتبر","نوامبر","دسامبر"],"SHORTMONTHS":["ژانویهٔ","فوریهٔ","مارس","آوریل","مهٔ","ژوئن","ژوئیهٔ","اوت","سپتامبر","اکتبر","نوامبر","دسامبر"],"STANDALONESHORTMONTHS":["ژانویه","فوریه","مارس","آوریل","مه","ژوئن","ژوئیه","اوت","سپتامبر","اکتبر","نوامبر","دسامبر"],"WEEKDAYS":["یکشنبه","دوشنبه","سه‌شنبه","چهارشنبه","پنجشنبه","جمعه","شنبه"],"STANDALONEWEEKDAYS":["یکشنبه","دوشنبه","سه‌شنبه","چهارشنبه","پنجشنبه","جمعه","شنبه"],"SHORTWEEKDAYS":["یکشنبه","دوشنبه","سه‌شنبه","چهارشنبه","پنجشنبه","جمعه","شنبه"],"STANDALONESHORTWEEKDAYS":["یکشنبه","دوشنبه","سه‌شنبه","چهارشنبه","پنجشنبه","جمعه","شنبه"],"NARROWWEEKDAYS":["ی","د","س","چ","پ","ج","ش"],"STANDALONENARROWWEEKDAYS":["ی","د","س","چ","پ","ج","ش"],"SHORTQUARTERS":["س‌م۱","س‌م۲","س‌م۳","س‌م۴"],"QUARTERS":["سه‌ماههٔ اول","سه‌ماههٔ دوم","سه‌ماههٔ سوم","سه‌ماههٔ چهارم"],"AMPMS":["قبل‌ازظهر","بعدازظهر"],"DATEFORMATS":["EEEE d MMMM y","d MMMM y","d MMM y","y/M/d"],"TIMEFORMATS":["H:mm:ss (zzzz)","H:mm:ss (z)","H:mm:ss","H:mm"],"AVAILABLEFORMATS":null,"FIRSTDAYOFWEEK":5,"WEEKENDRANGE":[4,4],"FIRSTWEEKCUTOFFDAY":4,"DATETIMEFORMATS":["{1}، ساعت {0}","{1}، ساعت {0}","{1}،‏ {0}","{1}،‏ {0}"],"ZERODIGIT":"۰"}