{"NAME":"fi","ERAS":["eKr.","jKr."],"ERANAMES":["ennen Kristuksen syntymää","jälkeen Kristuksen syntymän"],"NARROWMONTHS":["T","H","M","H","T","K","H","E","S","L","M","J"],"STANDALONENARROWMONTHS":["T","H","M","H","T","K","H","E","S","L","M","J"],"MONTHS":["tammikuuta","helmikuuta","maaliskuuta","huhtikuuta","toukokuuta","kesäkuuta","heinäkuuta","elokuuta","syyskuuta","lokakuuta","marraskuuta","joulukuuta"],"STANDALONEMONTHS":["tammikuu","helmikuu","maaliskuu","huhtikuu","toukokuu","kesäkuu","heinäkuu","elokuu","syyskuu","lokakuu","marraskuu","joulukuu"],"SHORTMONTHS":["tammik.","helmik.","maalisk.","huhtik.","toukok.","kesäk.","heinäk.","elok.","syysk.","lokak.","marrask.","jouluk."],"STANDALONESHORTMONTHS":["tammi","helmi","maalis","huhti","touko","kesä","heinä","elo","syys","loka","marras","joulu"],"WEEKDAYS":["sunnuntaina","maanantaina","tiistaina","keskiviikkona","torstaina","perjantaina","lauantaina"],"STANDALONEWEEKDAYS":["sunnuntai","maanantai","tiistai","keskiviikko","torstai","perjantai","lauantai"],"SHORTWEEKDAYS":["su","ma","ti","ke","to","pe","la"],"STANDALONESHORTWEEKDAYS":["su","ma","ti","ke","to","pe","la"],"NARROWWEEKDAYS":["S","M","T","K","T","P","L"],"STANDALONENARROWWEEKDAYS":["S","M","T","K","T","P","L"],"SHORTQUARTERS":["1. nelj.","2. nelj.","3. nelj.","4. nelj."],"QUARTERS":["1. neljännes","2. neljännes","3. neljännes","4. neljännes"],"AMPMS":["ap.","ip."],"DATEFORMATS":["cccc d. MMMM y","d. MMMM y","d.M.y","d.M.y"],"TIMEFORMATS":["H.mm.ss zzzz","H.mm.ss z","H.mm.ss","H.mm"],"AVAILABLEFORMATS":null,"FIRSTDAYOFWEEK":0,"WEEKENDRANGE":[5,6],"FIRSTWEEKCUTOFFDAY":3,"DATETIMEFORMATS":["{1} 'klo' {0}","{1} 'klo' {0}","{1} 'klo' {0}","{1} {0}"]}