{"NAME":"ga","ERAS":["RC","AD"],"ERANAMES":["Roimh Chríost","Anno Domini"],"NARROWMONTHS":["E","F","M","A","B","M","I","L","M","D","S","N"],"STANDALONENARROWMONTHS":["E","F","M","A","B","M","I","L","M","D","S","N"],"MONTHS":["Eanáir","Feabhra","Márta","Aibreán","Bealtaine","Meitheamh","Iúil","Lúnasa","Meán Fómhair","Deireadh Fómhair","Samhain","Nollaig"],"STANDALONEMONTHS":["Eanáir","Feabhra","Márta","Aibreán","Bealtaine","Meitheamh","Iúil","Lúnasa","Meán Fómhair","Deireadh Fómhair","Samhain","Nollaig"],"SHORTMONTHS":["Ean","Feabh","Márta","Aib","Beal","Meith","Iúil","Lún","MFómh","DFómh","Samh","Noll"],"STANDALONESHORTMONTHS":["Ean","Feabh","Márta","Aib","Beal","Meith","Iúil","Lún","MFómh","DFómh","Samh","Noll"],"WEEKDAYS":["Dé Domhnaigh","Dé Luain","Dé Máirt","Dé Céadaoin","Déardaoin","Dé hAoine","Dé Sathairn"],"STANDALONEWEEKDAYS":["Dé Domhnaigh","Dé Luain","Dé Máirt","Dé Céadaoin","Déardaoin","Dé hAoine","Dé Sathairn"],"SHORTWEEKDAYS":["Domh","Luan","Máirt","Céad","Déar","Aoine","Sath"],"STANDALONESHORTWEEKDAYS":["Domh","Luan","Máirt","Céad","Déar","Aoine","Sath"],"NARROWWEEKDAYS":["D","L","M","C","D","A","S"],"STANDALONENARROWWEEKDAYS":["D","L","M","C","D","A","S"],"SHORTQUARTERS":["R1","R2","R3","R4"],"QUARTERS":["1ú ráithe","2ú ráithe","3ú ráithe","4ú ráithe"],"AMPMS":["r.n.","i.n."],"DATEFORMATS":["EEEE d MMMM y","d MMMM y","d MMM y","dd/MM/y"],"TIMEFORMATS":["HH:mm:ss zzzz","HH:mm:ss z","HH:mm:ss","HH:mm"],"AVAILABLEFORMATS":null,"FIRSTDAYOFWEEK":6,"WEEKENDRANGE":[5,6],"FIRSTWEEKCUTOFFDAY":2,"DATETIMEFORMATS":["{1} {0}","{1} {0}","{1} {0}","{1} {0}"]}