{"NAME":"gl","ERAS":["a.C.","d.C."],"ERANAMES":["antes de Cristo","despois de Cristo"],"NARROWMONTHS":["x.","f.","m.","a.","m.","x.","x.","a.","s.","o.","n.","d."],"STANDALONENARROWMONTHS":["X","F","M","A","M","X","X","A","S","O","N","D"],"MONTHS":["xaneiro","febreiro","marzo","abril","maio","xuño","xullo","agosto","setembro","outubro","novembro","decembro"],"STANDALONEMONTHS":["Xaneiro","Febreiro","Marzo","Abril","Maio","Xuño","Xullo","Agosto","Setembro","Outubro","Novembro","Decembro"],"SHORTMONTHS":["xan.","feb.","mar.","abr.","maio","xuño","xul.","ago.","set.","out.","nov.","dec."],"STANDALONESHORTMONTHS":["Xan.","Feb.","Mar.","Abr.","Maio","Xuño","Xul.","Ago.","Set.","Out.","Nov.","Dec."],"WEEKDAYS":["domingo","luns","martes","mércores","xoves","venres","sábado"],"STANDALONEWEEKDAYS":["Domingo","Luns","Martes","Mércores","Xoves","Venres","Sábado"],"SHORTWEEKDAYS":["dom.","luns","mar.","mér.","xov.","ven.","sáb."],"STANDALONESHORTWEEKDAYS":["Dom.","Luns","Mar.","Mér.","Xov.","Ven.","Sáb."],"NARROWWEEKDAYS":["d.","l.","m.","m.","x.","v.","s."],"STANDALONENARROWWEEKDAYS":["D","L","M","M","X","V","S"],"SHORTQUARTERS":["T1","T2","T3","T4"],"QUARTERS":["1.º trimestre","2.º trimestre","3.º trimestre","4.º trimestre"],"AMPMS":["a.m.","p.m."],"DATEFORMATS":["EEEE, d 'de' MMMM 'de' y","d 'de' MMMM 'de' y","dd/MM/y","dd/MM/yy"],"TIMEFORMATS":["HH:mm:ss zzzz","HH:mm:ss z","HH:mm:ss","HH:mm"],"AVAILABLEFORMATS":null,"FIRSTDAYOFWEEK":0,"WEEKENDRANGE":[5,6],"FIRSTWEEKCUTOFFDAY":3,"DATETIMEFORMATS":["{0} 'do' {1}","{0} 'do' {1}","{0}, {1}","{0}, {1}"]}