{"NAME":"gsw","ERAS":["v. Chr.","n. Chr."],"ERANAMES":["v. Chr.","n. Chr."],"NARROWMONTHS":["J","F","M","A","M","J","J","A","S","O","N","D"],"STANDALONENARROWMONTHS":["J","F","M","A","M","J","J","A","S","O","N","D"],"MONTHS":["Januar","Februar","März","April","Mai","Juni","Juli","Auguscht","Septämber","Oktoober","Novämber","Dezämber"],"STANDALONEMONTHS":["Januar","Februar","März","April","Mai","Juni","Juli","Auguscht","Septämber","Oktoober","Novämber","Dezämber"],"SHORTMONTHS":["Jan","Feb","Mär","Apr","Mai","Jun","Jul","Aug","Sep","Okt","Nov","Dez"],"STANDALONESHORTMONTHS":["Jan","Feb","Mär","Apr","Mai","Jun","Jul","Aug","Sep","Okt","Nov","Dez"],"WEEKDAYS":["Sunntig","Määntig","Ziischtig","Mittwuch","Dunschtig","Friitig","Samschtig"],"STANDALONEWEEKDAYS":["Sunntig","Määntig","Ziischtig","Mittwuch","Dunschtig","Friitig","Samschtig"],"SHORTWEEKDAYS":["Su.","Mä.","Zi.","Mi.","Du.","Fr.","Sa."],"STANDALONESHORTWEEKDAYS":["Su.","Mä.","Zi.","Mi.","Du.","Fr.","Sa."],"NARROWWEEKDAYS":["S","M","D","M","D","F","S"],"STANDALONENARROWWEEKDAYS":["S","M","D","M","D","F","S"],"SHORTQUARTERS":["Q1","Q2","Q3","Q4"],"QUARTERS":["1. Quartal","2. Quartal","3. Quartal","4. Quartal"],"AMPMS":["am Vormittag","am Namittag"],"DATEFORMATS":["EEEE, d. MMMM y","d. MMMM y","dd.MM.y","dd.MM.yy"],"TIMEFORMATS":["HH:mm:ss zzzz","HH:mm:ss z","HH:mm:ss","HH:mm"],"AVAILABLEFORMATS":null,"FIRSTDAYOFWEEK":0,"WEEKENDRANGE":[5,6],"FIRSTWEEKCUTOFFDAY":3,"DATETIMEFORMATS":["{1} {0}","{1} {0}","{1} {0}","{1} {0}"]}