{"NAME":"gu","ERAS":["ઈ.સ.પૂર્વે","ઈ.સ."],"ERANAMES":["ઈસવીસન પૂર્વે","ઇસવીસન"],"NARROWMONTHS":["જા","ફે","મા","એ","મે","જૂ","જુ","ઑ","સ","ઑ","ન","ડિ"],"STANDALONENARROWMONTHS":["જા","ફે","મા","એ","મે","જૂ","જુ","ઑ","સ","ઑ","ન","ડિ"],"MONTHS":["જાન્યુઆરી","ફેબ્રુઆરી","માર્ચ","એપ્રિલ","મે","જૂન","જુલાઈ","ઑગસ્ટ","સપ્ટેમ્બર","ઑક્ટોબર","નવેમ્બર","ડિસેમ્બર"],"STANDALONEMONTHS":["જાન્યુઆરી","ફેબ્રુઆરી","માર્ચ","એપ્રિલ","મે","જૂન","જુલાઈ","ઑગસ્ટ","સપ્ટેમ્બર","ઑક્ટોબર","નવેમ્બર","ડિસેમ્બર"],"SHORTMONTHS":["જાન્યુ","ફેબ્રુ","માર્ચ","એપ્રિલ","મે","જૂન","જુલાઈ","ઑગસ્ટ","સપ્ટે","ઑક્ટો","નવે","ડિસે"],"STANDALONESHORTMONTHS":["જાન્યુ","ફેબ્રુ","માર્ચ","એપ્રિલ","મે","જૂન","જુલાઈ","ઑગસ્ટ","સપ્ટે","ઑક્ટો","નવે","ડિસે"],"WEEKDAYS":["રવિવાર","સોમવાર","મંગળવાર","બુધવાર","ગુરુવાર","શુક્રવાર","શનિવાર"],"STANDALONEWEEKDAYS":["રવિવાર","સોમવાર","મંગળવાર","બુધવાર","ગુરુવાર","શુક્રવાર","શનિવાર"],"SHORTWEEKDAYS":["રવિ","સોમ","મંગળ","બુધ","ગુરુ","શુક્ર","શનિ"],"STANDALONESHORTWEEKDAYS":["રવિ","સોમ","મંગળ","બુધ","ગુરુ","શુક્ર","શનિ"],"NARROWWEEKDAYS":["ર","સો","મં","બુ","ગુ","શુ","શ"],"STANDALONENARROWWEEKDAYS":["ર","સો","મં","બુ","ગુ","શુ","શ"],"SHORTQUARTERS":["Q1","Q2","Q3","Q4"],"QUARTERS":["1લો ત્રિમાસ","2જો ત્રિમાસ","3જો ત્રિમાસ","4થો ત્રિમાસ"],"AMPMS":["AM","PM"],"DATEFORMATS":["EEEE, d MMMM, y","d MMMM, y","d MMM, y","d/M/yy"],"TIMEFORMATS":["hh:mm:ss a zzzz","hh:mm:ss a z","hh:mm:ss a","hh:mm a"],"AVAILABLEFORMATS":null,"FIRSTDAYOFWEEK":6,"WEEKENDRANGE":[6,6],"FIRSTWEEKCUTOFFDAY":5,"DATETIMEFORMATS":["{1} એ {0} વાગ્યે","{1} એ {0} વાગ્યે","{1} {0}","{1} {0}"]}