{"NAME":"hi","ERAS":["ईसा-पूर्व","ईस्वी"],"ERANAMES":["ईसा-पूर्व","ईसवी सन"],"NARROWMONTHS":["ज","फ़","मा","अ","म","जू","जु","अ","सि","अ","न","दि"],"STANDALONENARROWMONTHS":["ज","फ़","मा","अ","म","जू","जु","अ","सि","अ","न","दि"],"MONTHS":["जनवरी","फ़रवरी","मार्च","अप्रैल","मई","जून","जुलाई","अगस्त","सितंबर","अक्तूबर","नवंबर","दिसंबर"],"STANDALONEMONTHS":["जनवरी","फ़रवरी","मार्च","अप्रैल","मई","जून","जुलाई","अगस्त","सितंबर","अक्तूबर","नवंबर","दिसंबर"],"SHORTMONTHS":["जन॰","फ़र॰","मार्च","अप्रैल","मई","जून","जुल॰","अग॰","सित॰","अक्तू॰","नव॰","दिस॰"],"STANDALONESHORTMONTHS":["जन॰","फ़र॰","मार्च","अप्रैल","मई","जून","जुल॰","अग॰","सित॰","अक्तू॰","नव॰","दिस॰"],"WEEKDAYS":["रविवार","सोमवार","मंगलवार","बुधवार","गुरुवार","शुक्रवार","शनिवार"],"STANDALONEWEEKDAYS":["रविवार","सोमवार","मंगलवार","बुधवार","गुरुवार","शुक्रवार","शनिवार"],"SHORTWEEKDAYS":["रवि","सोम","मंगल","बुध","गुरु","शुक्र","शनि"],"STANDALONESHORTWEEKDAYS":["रवि","सोम","मंगल","बुध","गुरु","शुक्र","शनि"],"NARROWWEEKDAYS":["र","सो","मं","बु","गु","शु","श"],"STANDALONENARROWWEEKDAYS":["र","सो","मं","बु","गु","शु","श"],"SHORTQUARTERS":["ति1","ति2","ति3","ति4"],"QUARTERS":["पहली तिमाही","दूसरी तिमाही","तीसरी तिमाही","चौथी तिमाही"],"AMPMS":["am","pm"],"DATEFORMATS":["EEEE, d MMMM y","d MMMM y","d MMM y","d/M/yy"],"TIMEFORMATS":["h:mm:ss a zzzz","h:mm:ss a z","h:mm:ss a","h:mm a"],"AVAILABLEFORMATS":null,"FIRSTDAYOFWEEK":6,"WEEKENDRANGE":[6,6],"FIRSTWEEKCUTOFFDAY":5,"DATETIMEFORMATS":["{1} को {0}","{1} को {0}","{1}, {0}","{1}, {0}"]}