{"NAME":"hr","ERAS":["pr. Kr.","po. Kr."],"ERANAMES":["prije Krista","poslije Krista"],"NARROWMONTHS":["1.","2.","3.","4.","5.","6.","7.","8.","9.","10.","11.","12."],"STANDALONENARROWMONTHS":["1.","2.","3.","4.","5.","6.","7.","8.","9.","10.","11.","12."],"MONTHS":["siječnja","veljače","ožujka","travnja","svibnja","lipnja","srpnja","kolovoza","rujna","listopada","studenoga","prosinca"],"STANDALONEMONTHS":["siječanj","veljača","ožujak","travanj","svibanj","lipanj","srpanj","kolovoz","rujan","listopad","studeni","prosinac"],"SHORTMONTHS":["sij","velj","ožu","tra","svi","lip","srp","kol","ruj","lis","stu","pro"],"STANDALONESHORTMONTHS":["sij","velj","ožu","tra","svi","lip","srp","kol","ruj","lis","stu","pro"],"WEEKDAYS":["nedjelja","ponedjeljak","utorak","srijeda","četvrtak","petak","subota"],"STANDALONEWEEKDAYS":["nedjelja","ponedjeljak","utorak","srijeda","četvrtak","petak","subota"],"SHORTWEEKDAYS":["ned","pon","uto","sri","čet","pet","sub"],"STANDALONESHORTWEEKDAYS":["ned","pon","uto","sri","čet","pet","sub"],"NARROWWEEKDAYS":["N","P","U","S","Č","P","S"],"STANDALONENARROWWEEKDAYS":["n","p","u","s","č","p","s"],"SHORTQUARTERS":["1kv","2kv","3kv","4kv"],"QUARTERS":["1. kvartal","2. kvartal","3. kvartal","4. kvartal"],"AMPMS":["AM","PM"],"DATEFORMATS":["EEEE, d. MMMM y.","d. MMMM y.","d. MMM y.","dd. MM. y."],"TIMEFORMATS":["HH:mm:ss (zzzz)","HH:mm:ss z","HH:mm:ss","HH:mm"],"AVAILABLEFORMATS":null,"FIRSTDAYOFWEEK":0,"WEEKENDRANGE":[5,6],"FIRSTWEEKCUTOFFDAY":6,"DATETIMEFORMATS":["{1} 'u' {0}","{1} 'u' {0}","{1} {0}","{1} {0}"]}