{"NAME":"hu","ERAS":["i. e.","i. sz."],"ERANAMES":["Krisztus előtt","időszámításunk szerint"],"NARROWMONTHS":["J","F","M","Á","M","J","J","A","Sz","O","N","D"],"STANDALONENARROWMONTHS":["J","F","M","Á","M","J","J","A","Sz","O","N","D"],"MONTHS":["január","február","március","április","május","június","július","augusztus","szeptember","október","november","december"],"STANDALONEMONTHS":["január","február","március","április","május","június","július","augusztus","szeptember","október","november","december"],"SHORTMONTHS":["jan.","febr.","márc.","ápr.","máj.","jún.","júl.","aug.","szept.","okt.","nov.","dec."],"STANDALONESHORTMONTHS":["jan.","febr.","márc.","ápr.","máj.","jún.","júl.","aug.","szept.","okt.","nov.","dec."],"WEEKDAYS":["vasárnap","hétfő","kedd","szerda","csütörtök","péntek","szombat"],"STANDALONEWEEKDAYS":["vasárnap","hétfő","kedd","szerda","csütörtök","péntek","szombat"],"SHORTWEEKDAYS":["V","H","K","Sze","Cs","P","Szo"],"STANDALONESHORTWEEKDAYS":["V","H","K","Sze","Cs","P","Szo"],"NARROWWEEKDAYS":["V","H","K","Sz","Cs","P","Sz"],"STANDALONENARROWWEEKDAYS":["V","H","K","Sz","Cs","P","Sz"],"SHORTQUARTERS":["I. n.év","II. n.év","III. n.év","IV. n.év"],"QUARTERS":["I. negyedév","II. negyedév","III. negyedév","IV. negyedév"],"AMPMS":["de.","du."],"DATEFORMATS":["y. MMMM d., EEEE","y. MMMM d.","y. MMM d.","y. MM. dd."],"TIMEFORMATS":["H:mm:ss zzzz","H:mm:ss z","H:mm:ss","H:mm"],"AVAILABLEFORMATS":null,"FIRSTDAYOFWEEK":0,"WEEKENDRANGE":[5,6],"FIRSTWEEKCUTOFFDAY":3,"DATETIMEFORMATS":["{1} {0}","{1} {0}","{1} {0}","{1} {0}"]}