{"NAME":"hy","ERAS":["մ.թ.ա.","մ.թ."],"ERANAMES":["Քրիստոսից առաջ","Քրիստոսից հետո"],"NARROWMONTHS":["Հ","Փ","Մ","Ա","Մ","Հ","Հ","Օ","Ս","Հ","Ն","Դ"],"STANDALONENARROWMONTHS":["Հ","Փ","Մ","Ա","Մ","Հ","Հ","Օ","Ս","Հ","Ն","Դ"],"MONTHS":["հունվարի","փետրվարի","մարտի","ապրիլի","մայիսի","հունիսի","հուլիսի","օգոստոսի","սեպտեմբերի","հոկտեմբերի","նոյեմբերի","դեկտեմբերի"],"STANDALONEMONTHS":["հունվար","փետրվար","մարտ","ապրիլ","մայիս","հունիս","հուլիս","օգոստոս","սեպտեմբեր","հոկտեմբեր","նոյեմբեր","դեկտեմբեր"],"SHORTMONTHS":["հնվ","փտվ","մրտ","ապր","մյս","հնս","հլս","օգս","սեպ","հոկ","նոյ","դեկ"],"STANDALONESHORTMONTHS":["հնվ","փտվ","մրտ","ապր","մյս","հնս","հլս","օգս","սեպ","հոկ","նոյ","դեկ"],"WEEKDAYS":["կիրակի","երկուշաբթի","երեքշաբթի","չորեքշաբթի","հինգշաբթի","ուրբաթ","շաբաթ"],"STANDALONEWEEKDAYS":["կիրակի","երկուշաբթի","երեքշաբթի","չորեքշաբթի","հինգշաբթի","ուրբաթ","շաբաթ"],"SHORTWEEKDAYS":["կիր","երկ","երք","չրք","հնգ","ուր","շբթ"],"STANDALONESHORTWEEKDAYS":["կիր","երկ","երք","չրք","հնգ","ուր","շբթ"],"NARROWWEEKDAYS":["Կ","Ե","Ե","Չ","Հ","Ո","Շ"],"STANDALONENARROWWEEKDAYS":["Կ","Ե","Ե","Չ","Հ","Ո","Շ"],"SHORTQUARTERS":["1-ին եռմս.","2-րդ եռմս.","3-րդ եռմս.","4-րդ եռմս."],"QUARTERS":["1-ին եռամսյակ","2-րդ եռամսյակ","3-րդ եռամսյակ","4-րդ եռամսյակ"],"AMPMS":["ԿԱ","ԿՀ"],"DATEFORMATS":["y թ. MMMM d, EEEE","dd MMMM, y թ.","dd MMM, y թ.","dd.MM.yy"],"TIMEFORMATS":["HH:mm:ss zzzz","HH:mm:ss z","HH:mm:ss","HH:mm"],"AVAILABLEFORMATS":null,"FIRSTDAYOFWEEK":0,"WEEKENDRANGE":[5,6],"FIRSTWEEKCUTOFFDAY":6,"DATETIMEFORMATS":["{1}, {0}","{1}, {0}","{1}, {0}","{1}, {0}"]}