{"NAME":"id","ERAS":["SM","M"],"ERANAMES":["Sebelum Masehi","Masehi"],"NARROWMONTHS":["J","F","M","A","M","J","J","A","S","O","N","D"],"STANDALONENARROWMONTHS":["J","F","M","A","M","J","J","A","S","O","N","D"],"MONTHS":["Januari","Februari","Maret","April","Mei","Juni","Juli","Agustus","September","Oktober","November","Desember"],"STANDALONEMONTHS":["Januari","Februari","Maret","April","Mei","Juni","Juli","Agustus","September","Oktober","November","Desember"],"SHORTMONTHS":["Jan","Feb","Mar","Apr","Mei","Jun","Jul","Agt","Sep","Okt","Nov","Des"],"STANDALONESHORTMONTHS":["Jan","Feb","Mar","Apr","Mei","Jun","Jul","Agt","Sep","Okt","Nov","Des"],"WEEKDAYS":["Minggu","Senin","Selasa","Rabu","Kamis","Jumat","Sabtu"],"STANDALONEWEEKDAYS":["Minggu","Senin","Selasa","Rabu","Kamis","Jumat","Sabtu"],"SHORTWEEKDAYS":["Min","Sen","Sel","Rab","Kam","Jum","Sab"],"STANDALONESHORTWEEKDAYS":["Min","Sen","Sel","Rab","Kam","Jum","Sab"],"NARROWWEEKDAYS":["M","S","S","R","K","J","S"],"STANDALONENARROWWEEKDAYS":["M","S","S","R","K","J","S"],"SHORTQUARTERS":["K1","K2","K3","K4"],"QUARTERS":["Kuartal ke-1","Kuartal ke-2","Kuartal ke-3","Kuartal ke-4"],"AMPMS":["AM","PM"],"DATEFORMATS":["EEEE, dd MMMM y","d MMMM y","d MMM y","dd/MM/yy"],"TIMEFORMATS":["HH.mm.ss zzzz","HH.mm.ss z","HH.mm.ss","HH.mm"],"AVAILABLEFORMATS":null,"FIRSTDAYOFWEEK":6,"WEEKENDRANGE":[5,6],"FIRSTWEEKCUTOFFDAY":5,"DATETIMEFORMATS":["{1} {0}","{1} {0}","{1} {0}","{1} {0}"]}