{"NAME":"km","ERAS":["មុន គ.ស.","គ.ស."],"ERANAMES":["មុន​គ្រិស្តសករាជ","គ្រិស្តសករាជ"],"NARROWMONTHS":["ម","ក","ម","ម","ឧ","ម","ក","ស","ក","ត","វ","ធ"],"STANDALONENARROWMONTHS":["ម","ក","ម","ម","ឧ","ម","ក","ស","ក","ត","វ","ធ"],"MONTHS":["មករា","កុម្ភៈ","មីនា","មេសា","ឧសភា","មិថុនា","កក្កដា","សីហា","កញ្ញា","តុលា","វិច្ឆិកា","ធ្នូ"],"STANDALONEMONTHS":["មករា","កុម្ភៈ","មីនា","មេសា","ឧសភា","មិថុនា","កក្កដា","សីហា","កញ្ញា","តុលា","វិច្ឆិកា","ធ្នូ"],"SHORTMONTHS":["មករា","កុម្ភៈ","មីនា","មេសា","ឧសភា","មិថុនា","កក្កដា","សីហា","កញ្ញា","តុលា","វិច្ឆិកា","ធ្នូ"],"STANDALONESHORTMONTHS":["មករា","កុម្ភៈ","មីនា","មេសា","ឧសភា","មិថុនា","កក្កដា","សីហា","កញ្ញា","តុលា","វិច្ឆិកា","ធ្នូ"],"WEEKDAYS":["អាទិត្យ","ច័ន្ទ","អង្គារ","ពុធ","ព្រហស្បតិ៍","សុក្រ","សៅរ៍"],"STANDALONEWEEKDAYS":["អាទិត្យ","ច័ន្ទ","អង្គារ","ពុធ","ព្រហស្បតិ៍","សុក្រ","សៅរ៍"],"SHORTWEEKDAYS":["អាទិត្យ","ច័ន្ទ","អង្គារ","ពុធ","ព្រហស្បតិ៍","សុក្រ","សៅរ៍"],"STANDALONESHORTWEEKDAYS":["អាទិត្យ","ច័ន្ទ","អង្គារ","ពុធ","ព្រហស្បតិ៍","សុក្រ","សៅរ៍"],"NARROWWEEKDAYS":["អ","ច","អ","ព","ព","ស","ស"],"STANDALONENARROWWEEKDAYS":["អ","ច","អ","ព","ព","ស","ស"],"SHORTQUARTERS":["ត្រីមាសទី 1","ត្រីមាសទី 2","ត្រីមាសទី 3","ត្រីមាសទី 4"],"QUARTERS":["ត្រីមាសទី 1","ត្រីមាសទី 2","ត្រីមាសទី 3","ត្រីមាសទី 4"],"AMPMS":["AM","PM"],"DATEFORMATS":["EEEE d MMMM y","d MMMM y","d MMM y","d/M/yy"],"TIMEFORMATS":["h:mm:ss a zzzz","h:mm:ss a z","h:mm:ss a","h:mm a"],"AVAILABLEFORMATS":null,"FIRSTDAYOFWEEK":6,"WEEKENDRANGE":[5,6],"FIRSTWEEKCUTOFFDAY":5,"DATETIMEFORMATS":["{1} នៅ​ម៉ោង {0}","{1} នៅ​ម៉ោង {0}","{1}, {0}","{1}, {0}"]}