{"NAME":"lo","ERAS":["ກ່ອນ ຄ.ສ.","ຄ.ສ."],"ERANAMES":["ກ່ອນຄຣິດສັກກະລາດ","ຄຣິດສັກກະລາດ"],"NARROWMONTHS":["1","2","3","4","5","6","7","8","9","10","11","12"],"STANDALONENARROWMONTHS":["1","2","3","4","5","6","7","8","9","10","11","12"],"MONTHS":["ມັງກອນ","ກຸມພາ","ມີນາ","ເມສາ","ພຶດສະພາ","ມິຖຸນາ","ກໍລະກົດ","ສິງຫາ","ກັນຍາ","ຕຸລາ","ພະຈິກ","ທັນວາ"],"STANDALONEMONTHS":["ມັງກອນ","ກຸມພາ","ມີນາ","ເມສາ","ພຶດສະພາ","ມິຖຸນາ","ກໍລະກົດ","ສິງຫາ","ກັນຍາ","ຕຸລາ","ພະຈິກ","ທັນວາ"],"SHORTMONTHS":["ມ.ກ.","ກ.ພ.","ມ.ນ.","ມ.ສ.","ພ.ພ.","ມິ.ຖ.","ກ.ລ.","ສ.ຫ.","ກ.ຍ.","ຕ.ລ.","ພ.ຈ.","ທ.ວ."],"STANDALONESHORTMONTHS":["ມ.ກ.","ກ.ພ.","ມ.ນ.","ມ.ສ.","ພ.ພ.","ມິ.ຖ.","ກ.ລ.","ສ.ຫ.","ກ.ຍ.","ຕ.ລ.","ພ.ຈ.","ທ.ວ."],"WEEKDAYS":["ວັນອາທິດ","ວັນຈັນ","ວັນອັງຄານ","ວັນພຸດ","ວັນພະຫັດ","ວັນສຸກ","ວັນເສົາ"],"STANDALONEWEEKDAYS":["ວັນອາທິດ","ວັນຈັນ","ວັນອັງຄານ","ວັນພຸດ","ວັນພະຫັດ","ວັນສຸກ","ວັນເສົາ"],"SHORTWEEKDAYS":["ອາທິດ","ຈັນ","ອັງຄານ","ພຸດ","ພະຫັດ","ສຸກ","ເສົາ"],"STANDALONESHORTWEEKDAYS":["ອາທິດ","ຈັນ","ອັງຄານ","ພຸດ","ພະຫັດ","ສຸກ","ເສົາ"],"NARROWWEEKDAYS":["ອາ","ຈ","ອ","ພ","ພຫ","ສຸ","ສ"],"STANDALONENARROWWEEKDAYS":["ອາ","ຈ","ອ","ພ","ພຫ","ສຸ","ສ"],"SHORTQUARTERS":["ຕມ1","ຕມ2","ຕມ3","ຕມ4"],"QUARTERS":["ໄຕຣມາດ 1","ໄຕຣມາດ 2","ໄຕຣມາດ 3","ໄຕຣມາດ 4"],"AMPMS":["ກ່ອນທ່ຽງ","ຫຼັງທ່ຽງ"],"DATEFORMATS":["EEEE ທີ d MMMM G y","d MMMM y","d MMM y","d/M/y"],"TIMEFORMATS":["H ໂມງ m ນາທີ ss ວິນາທີ zzzz","H ໂມງ m ນາທີ ss ວິນາທີ z","H:mm:ss","H:mm"],"AVAILABLEFORMATS":null,"FIRSTDAYOFWEEK":6,"WEEKENDRANGE":[5,6],"FIRSTWEEKCUTOFFDAY":5,"DATETIMEFORMATS":["{1}, {0}","{1}, {0}","{1}, {0}","{1}, {0}"]}