{"NAME":"mk","ERAS":["пр.н.е.","н.е."],"ERANAMES":["пред нашата ера","од нашата ера"],"NARROWMONTHS":["ј","ф","м","а","м","ј","ј","а","с","о","н","д"],"STANDALONENARROWMONTHS":["ј","ф","м","а","м","ј","ј","а","с","о","н","д"],"MONTHS":["јануари","февруари","март","април","мај","јуни","јули","август","септември","октомври","ноември","декември"],"STANDALONEMONTHS":["јануари","февруари","март","април","мај","јуни","јули","август","септември","октомври","ноември","декември"],"SHORTMONTHS":["јан.","фев.","мар.","апр.","мај","јун.","јул.","авг.","септ.","окт.","ноем.","дек."],"STANDALONESHORTMONTHS":["јан.","фев.","мар.","апр.","мај","јун.","јул.","авг.","септ.","окт.","ноем.","дек."],"WEEKDAYS":["недела","понеделник","вторник","среда","четврток","петок","сабота"],"STANDALONEWEEKDAYS":["недела","понеделник","вторник","среда","четврток","петок","сабота"],"SHORTWEEKDAYS":["нед.","пон.","вт.","сре.","чет.","пет.","саб."],"STANDALONESHORTWEEKDAYS":["нед.","пон.","вто.","сре.","чет.","пет.","саб."],"NARROWWEEKDAYS":["н","п","в","с","ч","п","с"],"STANDALONENARROWWEEKDAYS":["н","п","в","с","ч","п","с"],"SHORTQUARTERS":["јан-мар","апр-јун","јул-сеп","окт-дек"],"QUARTERS":["прво тромесечје","второ тромесечје","трето тромесечје","четврто тромесечје"],"AMPMS":["претпладне","попладне"],"DATEFORMATS":["EEEE, dd MMMM y","dd MMMM y","dd.M.y","dd.M.yy"],"TIMEFORMATS":["HH:mm:ss zzzz","HH:mm:ss z","HH:mm:ss","HH:mm"],"AVAILABLEFORMATS":null,"FIRSTDAYOFWEEK":0,"WEEKENDRANGE":[5,6],"FIRSTWEEKCUTOFFDAY":6,"DATETIMEFORMATS":["{1} {0}","{1} {0}","{1} {0}","{1} {0}"]}