{"NAME":"ml","ERAS":["ക്രി.മു.","എഡി"],"ERANAMES":["ക്രിസ്‌തുവിന് മുമ്പ്","ആന്നോ ഡൊമിനി"],"NARROWMONTHS":["ജ","ഫെ","മാ","ഏ","മെ","ജൂൺ","ജൂ","ഓ","സെ","ഒ","ന","ഡി"],"STANDALONENARROWMONTHS":["ജ","ഫെ","മാ","ഏ","മെ","ജൂൺ","ജൂ","ഓ","സെ","ഒ","ന","ഡി"],"MONTHS":["ജനുവരി","ഫെബ്രുവരി","മാർച്ച്","ഏപ്രിൽ","മേയ്","ജൂൺ","ജൂലൈ","ഓഗസ്റ്റ്","സെപ്റ്റംബർ","ഒക്‌ടോബർ","നവംബർ","ഡിസംബർ"],"STANDALONEMONTHS":["ജനുവരി","ഫെബ്രുവരി","മാർച്ച്","ഏപ്രിൽ","മേയ്","ജൂൺ","ജൂലൈ","ഓഗസ്റ്റ്","സെപ്റ്റംബർ","ഒക്‌ടോബർ","നവംബർ","ഡിസംബർ"],"SHORTMONTHS":["ജനു","ഫെബ്രു","മാർ","ഏപ്രി","മേയ്","ജൂൺ","ജൂലൈ","ഓഗ","സെപ്റ്റം","ഒക്ടോ","നവം","ഡിസം"],"STANDALONESHORTMONTHS":["ജനു","ഫെബ്രു","മാർ","ഏപ്രി","മേയ്","ജൂൺ","ജൂലൈ","ഓഗ","സെപ്റ്റം","ഒക്ടോ","നവം","ഡിസം"],"WEEKDAYS":["ഞായറാഴ്‌ച","തിങ്കളാഴ്‌ച","ചൊവ്വാഴ്ച","ബുധനാഴ്‌ച","വ്യാഴാഴ്‌ച","വെള്ളിയാഴ്‌ച","ശനിയാഴ്‌ച"],"STANDALONEWEEKDAYS":["ഞായറാഴ്‌ച","തിങ്കളാഴ്‌ച","ചൊവ്വാഴ്‌ച","ബുധനാഴ്‌ച","വ്യാഴാഴ്‌ച","വെള്ളിയാഴ്‌ച","ശനിയാഴ്‌ച"],"SHORTWEEKDAYS":["ഞായർ","തിങ്കൾ","ചൊവ്വ","ബുധൻ","വ്യാഴം","വെള്ളി","ശനി"],"STANDALONESHORTWEEKDAYS":["ഞായർ","തിങ്കൾ","ചൊവ്വ","ബുധൻ","വ്യാഴം","വെള്ളി","ശനി"],"NARROWWEEKDAYS":["ഞ","തി","ചൊ","ബു","വ്യാ","വെ","ശ"],"STANDALONENARROWWEEKDAYS":["ഞാ","തി","ചൊ","ബു","വ്യാ","വെ","ശ"],"SHORTQUARTERS":["ഒന്നാം പാദം","രണ്ടാം പാദം","മൂന്നാം പാദം","നാലാം പാദം"],"QUARTERS":["ഒന്നാം പാദം","രണ്ടാം പാദം","മൂന്നാം പാദം","നാലാം പാദം"],"AMPMS":["AM","PM"],"DATEFORMATS":["y, MMMM d, EEEE","y, MMMM d","y, MMM d","d/M/yy"],"TIMEFORMATS":["h:mm:ss a zzzz","h:mm:ss a z","h:mm:ss a","h:mm a"],"AVAILABLEFORMATS":null,"FIRSTDAYOFWEEK":6,"WEEKENDRANGE":[6,6],"FIRSTWEEKCUTOFFDAY":5,"DATETIMEFORMATS":["{1} {0}","{1} {0}","{1} {0}","{1} {0}"]}