{"NAME":"mn","ERAS":["МЭӨ","МЭ"],"ERANAMES":["манай эриний өмнөх","манай эриний"],"NARROWMONTHS":["I","II","III","IV","V","VI","VII","VIII","IX","X","XI","XII"],"STANDALONENARROWMONTHS":["I","II","III","IV","V","VI","VII","VIII","IX","X","XI","XII"],"MONTHS":["Нэгдүгээр сар","Хоёрдугаар сар","Гуравдугаар сар","Дөрөвдүгээр сар","Тавдугаар сар","Зургаадугаар сар","Долдугаар сар","Наймдугаар сар","Есдүгээр сар","Аравдугаар сар","Арван нэгдүгээр сар","Арван хоёрдугаар сар"],"STANDALONEMONTHS":["Нэгдүгээр сар","Хоёрдугаар сар","Гуравдугаар сар","Дөрөвдүгээр сар","Тавдугаар сар","Зургаадугаар сар","Долдугаар сар","Наймдугаар сар","Есдүгээр сар","Аравдугаар сар","Арван нэгдүгээр сар","Арван хоёрдугаар сар"],"SHORTMONTHS":["1-р сар","2-р сар","3-р сар","4-р сар","5-р сар","6-р сар","7-р сар","8-р сар","9-р сар","10-р сар","11-р сар","12-р сар"],"STANDALONESHORTMONTHS":["1-р сар","2-р сар","3-р сар","4-р сар","5-р сар","6-р сар","7-р сар","8-р сар","9-р сар","10-р сар","11-р сар","12-р сар"],"WEEKDAYS":["ням","даваа","мягмар","лхагва","пүрэв","баасан","бямба"],"STANDALONEWEEKDAYS":["ням","даваа","мягмар","лхагва","пүрэв","баасан","бямба"],"SHORTWEEKDAYS":["Ня","Да","Мя","Лх","Пү","Ба","Бя"],"STANDALONESHORTWEEKDAYS":["Ня","Да","Мя","Лх","Пү","Ба","Бя"],"NARROWWEEKDAYS":["Ня","Да","Мя","Лх","Пү","Ба","Бя"],"STANDALONENARROWWEEKDAYS":["Ня","Да","Мя","Лх","Пү","Ба","Бя"],"SHORTQUARTERS":["I улирал","II улирал","III улирал","IV улирал"],"QUARTERS":["1-р улирал","2-р улирал","3-р улирал","4-р улирал"],"AMPMS":["ү.ө","ү.х"],"DATEFORMATS":["y.MM.dd, EEEE","y.MM.dd","y.MM.dd","y.MM.dd"],"TIMEFORMATS":["HH:mm:ss (zzzz)","HH:mm:ss (z)","HH:mm:ss","HH:mm"],"AVAILABLEFORMATS":null,"FIRSTDAYOFWEEK":6,"WEEKENDRANGE":[5,6],"FIRSTWEEKCUTOFFDAY":5,"DATETIMEFORMATS":["{1} {0}","{1} {0}","{1} {0}","{1} {0}"]}