{"NAME":"mr","ERAS":["इ. स. पू.","इ. स."],"ERANAMES":["ईसवीसनपूर्व","ईसवीसन"],"NARROWMONTHS":["जा","फे","मा","ए","मे","जू","जु","ऑ","स","ऑ","नो","डि"],"STANDALONENARROWMONTHS":["जा","फे","मा","ए","मे","जू","जु","ऑ","स","ऑ","नो","डि"],"MONTHS":["जानेवारी","फेब्रुवारी","मार्च","एप्रिल","मे","जून","जुलै","ऑगस्ट","सप्टेंबर","ऑक्टोबर","नोव्हेंबर","डिसेंबर"],"STANDALONEMONTHS":["जानेवारी","फेब्रुवारी","मार्च","एप्रिल","मे","जून","जुलै","ऑगस्ट","सप्टेंबर","ऑक्टोबर","नोव्हेंबर","डिसेंबर"],"SHORTMONTHS":["जाने","फेब्रु","मार्च","एप्रि","मे","जून","जुलै","ऑग","सप्टें","ऑक्टो","नोव्हें","डिसें"],"STANDALONESHORTMONTHS":["जाने","फेब्रु","मार्च","एप्रि","मे","जून","जुलै","ऑग","सप्टें","ऑक्टो","नोव्हें","डिसें"],"WEEKDAYS":["रविवार","सोमवार","मंगळवार","बुधवार","गुरुवार","शुक्रवार","शनिवार"],"STANDALONEWEEKDAYS":["रविवार","सोमवार","मंगळवार","बुधवार","गुरुवार","शुक्रवार","शनिवार"],"SHORTWEEKDAYS":["रवि","सोम","मंगळ","बुध","गुरु","शुक्र","शनि"],"STANDALONESHORTWEEKDAYS":["रवि","सोम","मंगळ","बुध","गुरु","शुक्र","शनि"],"NARROWWEEKDAYS":["र","सो","मं","बु","गु","शु","श"],"STANDALONENARROWWEEKDAYS":["र","सो","मं","बु","गु","शु","श"],"SHORTQUARTERS":["ति१","ति२","ति३","ति४"],"QUARTERS":["प्रथम तिमाही","द्वितीय तिमाही","तृतीय तिमाही","चतुर्थ तिमाही"],"AMPMS":["म.पू.","म.उ."],"DATEFORMATS":["EEEE, d MMMM, y","d MMMM, y","d MMM, y","d/M/yy"],"TIMEFORMATS":["h:mm:ss a zzzz","h:mm:ss a z","h:mm:ss a","h:mm a"],"AVAILABLEFORMATS":null,"FIRSTDAYOFWEEK":6,"WEEKENDRANGE":[6,6],"FIRSTWEEKCUTOFFDAY":5,"DATETIMEFORMATS":["{1} रोजी {0}","{1} रोजी {0}","{1}, {0}","{1}, {0}"],"ZERODIGIT":"०"}