{"NAME":"no","ERAS":["f.Kr.","e.Kr."],"ERANAMES":["før Kristus","etter Kristus"],"NARROWMONTHS":["J","F","M","A","M","J","J","A","S","O","N","D"],"STANDALONENARROWMONTHS":["J","F","M","A","M","J","J","A","S","O","N","D"],"MONTHS":["januar","februar","mars","april","mai","juni","juli","august","september","oktober","november","desember"],"STANDALONEMONTHS":["januar","februar","mars","april","mai","juni","juli","august","september","oktober","november","desember"],"SHORTMONTHS":["jan.","feb.","mar.","apr.","mai","jun.","jul.","aug.","sep.","okt.","nov.","des."],"STANDALONESHORTMONTHS":["jan","feb","mar","apr","mai","jun","jul","aug","sep","okt","nov","des"],"WEEKDAYS":["søndag","mandag","tirsdag","onsdag","torsdag","fredag","lørdag"],"STANDALONEWEEKDAYS":["søndag","mandag","tirsdag","onsdag","torsdag","fredag","lørdag"],"SHORTWEEKDAYS":["søn.","man.","tir.","ons.","tor.","fre.","lør."],"STANDALONESHORTWEEKDAYS":["søn.","man.","tir.","ons.","tor.","fre.","lør."],"NARROWWEEKDAYS":["S","M","T","O","T","F","L"],"STANDALONENARROWWEEKDAYS":["S","M","T","O","T","F","L"],"SHORTQUARTERS":["K1","K2","K3","K4"],"QUARTERS":["1. kvartal","2. kvartal","3. kvartal","4. kvartal"],"AMPMS":["a.m.","p.m."],"DATEFORMATS":["EEEE d. MMMM y","d. MMMM y","d. MMM y","dd.MM.y"],"TIMEFORMATS":["HH:mm:ss zzzz","HH:mm:ss z","HH:mm:ss","HH:mm"],"AVAILABLEFORMATS":null,"FIRSTDAYOFWEEK":0,"WEEKENDRANGE":[5,6],"FIRSTWEEKCUTOFFDAY":3,"DATETIMEFORMATS":["{1} {0}","{1} 'kl'. {0}","{1}, {0}","{1}, {0}"]}