{"NAME":"pl","ERAS":["p.n.e.","n.e."],"ERANAMES":["przed naszą erą","naszej ery"],"NARROWMONTHS":["s","l","m","k","m","c","l","s","w","p","l","g"],"STANDALONENARROWMONTHS":["S","L","M","K","M","C","L","S","W","P","L","G"],"MONTHS":["stycznia","lutego","marca","kwietnia","maja","czerwca","lipca","sierpnia","września","października","listopada","grudnia"],"STANDALONEMONTHS":["styczeń","luty","marzec","kwiecień","maj","czerwiec","lipiec","sierpień","wrzesień","październik","listopad","grudzień"],"SHORTMONTHS":["sty","lut","mar","kwi","maj","cze","lip","sie","wrz","paź","lis","gru"],"STANDALONESHORTMONTHS":["sty","lut","mar","kwi","maj","cze","lip","sie","wrz","paź","lis","gru"],"WEEKDAYS":["niedziela","poniedziałek","wtorek","środa","czwartek","piątek","sobota"],"STANDALONEWEEKDAYS":["niedziela","poniedziałek","wtorek","środa","czwartek","piątek","sobota"],"SHORTWEEKDAYS":["niedz.","pon.","wt.","śr.","czw.","pt.","sob."],"STANDALONESHORTWEEKDAYS":["niedz.","pon.","wt.","śr.","czw.","pt.","sob."],"NARROWWEEKDAYS":["n","p","w","ś","c","p","s"],"STANDALONENARROWWEEKDAYS":["N","P","W","Ś","C","P","S"],"SHORTQUARTERS":["I kw.","II kw.","III kw.","IV kw."],"QUARTERS":["I kwartał","II kwartał","III kwartał","IV kwartał"],"AMPMS":["AM","PM"],"DATEFORMATS":["EEEE, d MMMM y","d MMMM y","d MMM y","dd.MM.y"],"TIMEFORMATS":["HH:mm:ss zzzz","HH:mm:ss z","HH:mm:ss","HH:mm"],"AVAILABLEFORMATS":null,"FIRSTDAYOFWEEK":0,"WEEKENDRANGE":[5,6],"FIRSTWEEKCUTOFFDAY":3,"DATETIMEFORMATS":["{1} {0}","{1} {0}","{1}, {0}","{1}, {0}"]}