{"NAME":"ps","ERAS":["له میلاد وړاندې","م."],"ERANAMES":["له میلاد څخه وړاندې","له میلاد څخه وروسته"],"NARROWMONTHS":["ج","ف","م","ا","م","ج","ج","ا","س","ا","ن","د"],"STANDALONENARROWMONTHS":["1","2","3","4","5","6","7","8","9","10","11","12"],"MONTHS":["جنوري","فبروري","مارچ","اپریل","مۍ","جون","جولای","اگست","سېپتمبر","اکتوبر","نومبر","دسمبر"],"STANDALONEMONTHS":["جنوري","فېبروري","مارچ","اپریل","مۍ","جون","جولای","اگست","سپتمبر","اکتوبر","نومبر","دسمبر"],"SHORTMONTHS":["جنوري","فبروري","مارچ","اپریل","مۍ","جون","جولای","اگست","سېپتمبر","اکتوبر","نومبر","دسمبر"],"STANDALONESHORTMONTHS":["جنوري","فبروري","مارچ","اپریل","مۍ","جون","جولای","اگست","سپتمبر","اکتوبر","نومبر","دسمبر"],"WEEKDAYS":["يونۍ","دونۍ","درېنۍ","څلرنۍ","پينځنۍ","جمعه","اونۍ"],"STANDALONEWEEKDAYS":["يونۍ","دونۍ","درېنۍ","څلرنۍ","پينځنۍ","جمعه","اونۍ"],"SHORTWEEKDAYS":["يونۍ","دونۍ","درېنۍ","څلرنۍ","پينځنۍ","جمعه","اونۍ"],"STANDALONESHORTWEEKDAYS":["يونۍ","دونۍ","درېنۍ","څلرنۍ","پينځنۍ","جمعه","اونۍ"],"NARROWWEEKDAYS":["S","M","T","W","T","F","S"],"STANDALONENARROWWEEKDAYS":["S","M","T","W","T","F","S"],"SHORTQUARTERS":["لومړۍ ربعه","۲مه ربعه","۳مه ربعه","۴مه ربعه"],"QUARTERS":["لومړۍ ربعه","۲مه ربعه","۳مه ربعه","۴مه ربعه"],"AMPMS":["غ.م.","غ.و."],"DATEFORMATS":["EEEE د y د MMMM d","د y د MMMM d","y MMM d","y/M/d"],"TIMEFORMATS":["H:mm:ss (zzzz)","H:mm:ss (z)","H:mm:ss","H:mm"],"AVAILABLEFORMATS":null,"FIRSTDAYOFWEEK":5,"WEEKENDRANGE":[3,4],"FIRSTWEEKCUTOFFDAY":4,"DATETIMEFORMATS":["{1} {0}","{1} {0}","{1} {0}","{1} {0}"],"ZERODIGIT":"۰"}