{"NAME":"sk","ERAS":["pred Kr.","po Kr."],"ERANAMES":["pred Kristom","po Kristovi"],"NARROWMONTHS":["j","f","m","a","m","j","j","a","s","o","n","d"],"STANDALONENARROWMONTHS":["j","f","m","a","m","j","j","a","s","o","n","d"],"MONTHS":["januára","februára","marca","apríla","mája","júna","júla","augusta","septembra","októbra","novembra","decembra"],"STANDALONEMONTHS":["január","február","marec","apríl","máj","jún","júl","august","september","október","november","december"],"SHORTMONTHS":["jan","feb","mar","apr","máj","jún","júl","aug","sep","okt","nov","dec"],"STANDALONESHORTMONTHS":["jan","feb","mar","apr","máj","jún","júl","aug","sep","okt","nov","dec"],"WEEKDAYS":["nedeľa","pondelok","utorok","streda","štvrtok","piatok","sobota"],"STANDALONEWEEKDAYS":["nedeľa","pondelok","utorok","streda","štvrtok","piatok","sobota"],"SHORTWEEKDAYS":["ne","po","ut","st","št","pi","so"],"STANDALONESHORTWEEKDAYS":["ne","po","ut","st","št","pi","so"],"NARROWWEEKDAYS":["n","p","u","s","š","p","s"],"STANDALONENARROWWEEKDAYS":["n","p","u","s","š","p","s"],"SHORTQUARTERS":["Q1","Q2","Q3","Q4"],"QUARTERS":["1. štvrťrok","2. štvrťrok","3. štvrťrok","4. štvrťrok"],"AMPMS":["AM","PM"],"DATEFORMATS":["EEEE d. MMMM y","d. MMMM y","d. M. y","d. M. y"],"TIMEFORMATS":["H:mm:ss zzzz","H:mm:ss z","H:mm:ss","H:mm"],"AVAILABLEFORMATS":null,"FIRSTDAYOFWEEK":0,"WEEKENDRANGE":[5,6],"FIRSTWEEKCUTOFFDAY":3,"DATETIMEFORMATS":["{1}, {0}","{1}, {0}","{1}, {0}","{1} {0}"]}