{"NAME":"sq","ERAS":["p.K.","mb.K."],"ERANAMES":["para Krishtit","mbas Krishtit"],"NARROWMONTHS":["j","sh","m","p","m","q","k","g","sh","t","n","dh"],"STANDALONENARROWMONTHS":["J","Sh","M","P","M","Q","K","G","Sh","T","N","Dh"],"MONTHS":["janar","shkurt","mars","prill","maj","qershor","korrik","gusht","shtator","tetor","nëntor","dhjetor"],"STANDALONEMONTHS":["Janar","Shkurt","Mars","Prill","Maj","Qershor","Korrik","Gusht","Shtator","Tetor","Nëntor","Dhjetor"],"SHORTMONTHS":["jan","shk","mar","pri","maj","qer","korr","gush","sht","tet","nën","dhj"],"STANDALONESHORTMONTHS":["Jan","Shk","Mar","Pri","Maj","Qer","Korr","Gush","Sht","Tet","Nën","Dhj"],"WEEKDAYS":["e diel","e hënë","e martë","e mërkurë","e enjte","e premte","e shtunë"],"STANDALONEWEEKDAYS":["E diel","E hënë","E martë","E mërkurë","E enjte","E premte","E shtunë"],"SHORTWEEKDAYS":["Die","Hën","Mar","Mër","Enj","Pre","Sht"],"STANDALONESHORTWEEKDAYS":["Die","Hën","Mar","Mër","Enj","Pre","Sht"],"NARROWWEEKDAYS":["D","H","M","M","E","P","Sh"],"STANDALONENARROWWEEKDAYS":["D","H","M","M","E","P","Sh"],"SHORTQUARTERS":["tremujori I","tremujori II","tremujori III","tremujori IV"],"QUARTERS":["tremujori i parë","tremujori i dytë","tremujori i tretë","tremujori i katërt"],"AMPMS":["e paradites","e pasdites"],"DATEFORMATS":["EEEE, d MMMM y","d MMMM y","d MMM y","d.M.yy"],"TIMEFORMATS":["h:mm:ss a, zzzz","h:mm:ss a, z","h:mm:ss a","h:mm a"],"AVAILABLEFORMATS":null,"FIRSTDAYOFWEEK":0,"WEEKENDRANGE":[5,6],"FIRSTWEEKCUTOFFDAY":6,"DATETIMEFORMATS":["{1} 'në' {0}","{1} 'në' {0}","{1}, {0}","{1}, {0}"]}