{"NAME":"sr","ERAS":["п. н. е.","н. е."],"ERANAMES":["пре нове ере","нове ере"],"NARROWMONTHS":["ј","ф","м","а","м","ј","ј","а","с","о","н","д"],"STANDALONENARROWMONTHS":["ј","ф","м","а","м","ј","ј","а","с","о","н","д"],"MONTHS":["јануар","фебруар","март","април","мај","јун","јул","август","септембар","октобар","новембар","децембар"],"STANDALONEMONTHS":["јануар","фебруар","март","април","мај","јун","јул","август","септембар","октобар","новембар","децембар"],"SHORTMONTHS":["јан","феб","мар","апр","мај","јун","јул","авг","сеп","окт","нов","дец"],"STANDALONESHORTMONTHS":["јан","феб","мар","апр","мај","јун","јул","авг","сеп","окт","нов","дец"],"WEEKDAYS":["недеља","понедељак","уторак","среда","четвртак","петак","субота"],"STANDALONEWEEKDAYS":["недеља","понедељак","уторак","среда","четвртак","петак","субота"],"SHORTWEEKDAYS":["нед","пон","уто","сре","чет","пет","суб"],"STANDALONESHORTWEEKDAYS":["нед","пон","уто","сре","чет","пет","суб"],"NARROWWEEKDAYS":["н","п","у","с","ч","п","с"],"STANDALONENARROWWEEKDAYS":["н","п","у","с","ч","п","с"],"SHORTQUARTERS":["К1","К2","К3","К4"],"QUARTERS":["први квартал","други квартал","трећи квартал","четврти квартал"],"AMPMS":["пре подне","по подне"],"DATEFORMATS":["EEEE, dd. MMMM y.","dd. MMMM y.","dd.MM.y.","d.M.yy."],"TIMEFORMATS":["HH:mm:ss zzzz","HH:mm:ss z","HH:mm:ss","HH:mm"],"AVAILABLEFORMATS":null,"FIRSTDAYOFWEEK":0,"WEEKENDRANGE":[5,6],"FIRSTWEEKCUTOFFDAY":6,"DATETIMEFORMATS":["{1} {0}","{1} {0}","{1} {0}","{1} {0}"]}