{"NAME":"sr_Latn","ERAS":["p. n. e.","n. e."],"ERANAMES":["pre nove ere","nove ere"],"NARROWMONTHS":["j","f","m","a","m","j","j","a","s","o","n","d"],"STANDALONENARROWMONTHS":["j","f","m","a","m","j","j","a","s","o","n","d"],"MONTHS":["januar","februar","mart","april","maj","jun","jul","avgust","septembar","oktobar","novembar","decembar"],"STANDALONEMONTHS":["januar","februar","mart","april","maj","jun","jul","avgust","septembar","oktobar","novembar","decembar"],"SHORTMONTHS":["jan","feb","mar","apr","maj","jun","jul","avg","sep","okt","nov","dec"],"STANDALONESHORTMONTHS":["jan","feb","mar","apr","maj","jun","jul","avg","sep","okt","nov","dec"],"WEEKDAYS":["nedelja","ponedeljak","utorak","sreda","četvrtak","petak","subota"],"STANDALONEWEEKDAYS":["nedelja","ponedeljak","utorak","sreda","četvrtak","petak","subota"],"SHORTWEEKDAYS":["ned","pon","uto","sre","čet","pet","sub"],"STANDALONESHORTWEEKDAYS":["ned","pon","uto","sre","čet","pet","sub"],"NARROWWEEKDAYS":["n","p","u","s","č","p","s"],"STANDALONENARROWWEEKDAYS":["n","p","u","s","č","p","s"],"SHORTQUARTERS":["K1","K2","K3","K4"],"QUARTERS":["prvi kvartal","drugi kvartal","treći kvartal","četvrti kvartal"],"AMPMS":["pre podne","po podne"],"DATEFORMATS":["EEEE, dd. MMMM y.","dd. MMMM y.","dd.MM.y.","d.M.yy."],"TIMEFORMATS":["HH:mm:ss zzzz","HH:mm:ss z","HH:mm:ss","HH:mm"],"AVAILABLEFORMATS":null,"FIRSTDAYOFWEEK":0,"WEEKENDRANGE":[5,6],"FIRSTWEEKCUTOFFDAY":6,"DATETIMEFORMATS":["{1} {0}","{1} {0}","{1} {0}","{1} {0}"]}