{"NAME":"sw","ERAS":["KK","BK"],"ERANAMES":["Kabla ya Kristo","Baada ya Kristo"],"NARROWMONTHS":["J","F","M","A","M","J","J","A","S","O","N","D"],"STANDALONENARROWMONTHS":["J","F","M","A","M","J","J","A","S","O","N","D"],"MONTHS":["Januari","Februari","Machi","Aprili","Mei","Juni","Julai","Agosti","Septemba","Oktoba","Novemba","Desemba"],"STANDALONEMONTHS":["Januari","Februari","Machi","Aprili","Mei","Juni","Julai","Agosti","Septemba","Oktoba","Novemba","Desemba"],"SHORTMONTHS":["Jan","Feb","Mac","Apr","Mei","Jun","Jul","Ago","Sep","Okt","Nov","Des"],"STANDALONESHORTMONTHS":["Jan","Feb","Mac","Apr","Mei","Jun","Jul","Ago","Sep","Okt","Nov","Des"],"WEEKDAYS":["Jumapili","Jumatatu","Jumanne","Jumatano","Alhamisi","Ijumaa","Jumamosi"],"STANDALONEWEEKDAYS":["Jumapili","Jumatatu","Jumanne","Jumatano","Alhamisi","Ijumaa","Jumamosi"],"SHORTWEEKDAYS":["Jumapili","Jumatatu","Jumanne","Jumatano","Alhamisi","Ijumaa","Jumamosi"],"STANDALONESHORTWEEKDAYS":["Jumapili","Jumatatu","Jumanne","Jumatano","Alhamisi","Ijumaa","Jumamosi"],"NARROWWEEKDAYS":["S","M","T","W","T","F","S"],"STANDALONENARROWWEEKDAYS":["S","M","T","W","T","F","S"],"SHORTQUARTERS":["Robo ya 1","Robo ya 2","Robo ya 3","Robo ya 4"],"QUARTERS":["Robo ya 1","Robo ya 2","Robo ya 3","Robo ya 4"],"AMPMS":["AM","PM"],"DATEFORMATS":["EEEE, d MMMM y","d MMMM y","d MMM y","dd/MM/y"],"TIMEFORMATS":["HH:mm:ss zzzz","HH:mm:ss z","HH:mm:ss","HH:mm"],"AVAILABLEFORMATS":null,"FIRSTDAYOFWEEK":0,"WEEKENDRANGE":[5,6],"FIRSTWEEKCUTOFFDAY":6,"DATETIMEFORMATS":["{1} {0}","{1} {0}","{1} {0}","{1} {0}"]}