{"NAME":"ta","ERAS":["கி.மு.","கி.பி."],"ERANAMES":["கிறிஸ்துவுக்கு முன்","அன்னோ டோமினி"],"NARROWMONTHS":["ஜ","பி","மா","ஏ","மே","ஜூ","ஜூ","ஆ","செ","அ","ந","டி"],"STANDALONENARROWMONTHS":["ஜ","பி","மா","ஏ","மே","ஜூ","ஜூ","ஆ","செ","அ","ந","டி"],"MONTHS":["ஜனவரி","பிப்ரவரி","மார்ச்","ஏப்ரல்","மே","ஜூன்","ஜூலை","ஆகஸ்ட்","செப்டம்பர்","அக்டோபர்","நவம்பர்","டிசம்பர்"],"STANDALONEMONTHS":["ஜனவரி","பிப்ரவரி","மார்ச்","ஏப்ரல்","மே","ஜூன்","ஜூலை","ஆகஸ்ட்","செப்டம்பர்","அக்டோபர்","நவம்பர்","டிசம்பர்"],"SHORTMONTHS":["ஜன.","பிப்.","மார்.","ஏப்.","மே","ஜூன்","ஜூலை","ஆக.","செப்.","அக்.","நவ.","டிச."],"STANDALONESHORTMONTHS":["ஜன.","பிப்.","மார்.","ஏப்.","மே","ஜூன்","ஜூலை","ஆக.","செப்.","அக்.","நவ.","டிச."],"WEEKDAYS":["ஞாயிறு","திங்கள்","செவ்வாய்","புதன்","வியாழன்","வெள்ளி","சனி"],"STANDALONEWEEKDAYS":["ஞாயிறு","திங்கள்","செவ்வாய்","புதன்","வியாழன்","வெள்ளி","சனி"],"SHORTWEEKDAYS":["ஞாயி.","திங்.","செவ்.","புத.","வியா.","வெள்.","சனி"],"STANDALONESHORTWEEKDAYS":["ஞாயி.","திங்.","செவ்.","புத.","வியா.","வெள்.","சனி"],"NARROWWEEKDAYS":["ஞா","தி","செ","பு","வி","வெ","ச"],"STANDALONENARROWWEEKDAYS":["ஞா","தி","செ","பு","வி","வெ","ச"],"SHORTQUARTERS":["காலா.1","காலா.2","காலா.3","காலா.4"],"QUARTERS":["ஒன்றாம் காலாண்டு","இரண்டாம் காலாண்டு","மூன்றாம் காலாண்டு","நான்காம் காலாண்டு"],"AMPMS":["முற்பகல்","பிற்பகல்"],"DATEFORMATS":["EEEE, d MMMM, y","d MMMM, y","d MMM, y","d/M/yy"],"TIMEFORMATS":["a h:mm:ss zzzz","a h:mm:ss z","a h:mm:ss","a h:mm"],"AVAILABLEFORMATS":null,"FIRSTDAYOFWEEK":6,"WEEKENDRANGE":[6,6],"FIRSTWEEKCUTOFFDAY":5,"DATETIMEFORMATS":["{1} ’அன்று’ {0}","{1} ’அன்று’ {0}","{1}, {0}","{1}, {0}"]}