{"NAME":"te","ERAS":["క్రీపూ","క్రీశ"],"ERANAMES":["క్రీస్తు పూర్వం","క్రీస్తు శకం"],"NARROWMONTHS":["జ","ఫి","మా","ఏ","మే","జూ","జు","ఆ","సె","అ","న","డి"],"STANDALONENARROWMONTHS":["జ","ఫి","మా","ఏ","మే","జూ","జు","ఆ","సె","అ","న","డి"],"MONTHS":["జనవరి","ఫిబ్రవరి","మార్చి","ఏప్రిల్","మే","జూన్","జులై","ఆగస్టు","సెప్టెంబర్","అక్టోబర్","నవంబర్","డిసెంబర్"],"STANDALONEMONTHS":["జనవరి","ఫిబ్రవరి","మార్చి","ఏప్రిల్","మే","జూన్","జులై","ఆగస్టు","సెప్టెంబర్","అక్టోబర్","నవంబర్","డిసెంబర్"],"SHORTMONTHS":["జన","ఫిబ్ర","మార్చి","ఏప్రి","మే","జూన్","జులై","ఆగ","సెప్టెం","అక్టో","నవం","డిసెం"],"STANDALONESHORTMONTHS":["జన","ఫిబ్ర","మార్చి","ఏప్రి","మే","జూన్","జులై","ఆగ","సెప్టెం","అక్టో","నవం","డిసెం"],"WEEKDAYS":["ఆదివారం","సోమవారం","మంగళవారం","బుధవారం","గురువారం","శుక్రవారం","శనివారం"],"STANDALONEWEEKDAYS":["ఆదివారం","సోమవారం","మంగళవారం","బుధవారం","గురువారం","శుక్రవారం","శనివారం"],"SHORTWEEKDAYS":["ఆది","సోమ","మంగళ","బుధ","గురు","శుక్ర","శని"],"STANDALONESHORTWEEKDAYS":["ఆది","సోమ","మంగళ","బుధ","గురు","శుక్ర","శని"],"NARROWWEEKDAYS":["ఆ","సో","మ","బు","గు","శు","శ"],"STANDALONENARROWWEEKDAYS":["ఆ","సో","మ","బు","గు","శు","శ"],"SHORTQUARTERS":["త్రై1","త్రై2","త్రై3","త్రై4"],"QUARTERS":["1వ త్రైమాసికం","2వ త్రైమాసికం","3వ త్రైమాసికం","4వ త్రైమాసికం"],"AMPMS":["AM","PM"],"DATEFORMATS":["d, MMMM y, EEEE","d MMMM, y","d MMM, y","dd-MM-yy"],"TIMEFORMATS":["h:mm:ss a zzzz","h:mm:ss a z","h:mm:ss a","h:mm a"],"AVAILABLEFORMATS":null,"FIRSTDAYOFWEEK":6,"WEEKENDRANGE":[6,6],"FIRSTWEEKCUTOFFDAY":5,"DATETIMEFORMATS":["{1} {0}కి","{1} {0}కి","{1} {0}","{1} {0}"]}