{"NAME":"tl","ERAS":["BC","AD"],"ERANAMES":["Before Christ","Anno Domini"],"NARROWMONTHS":["Ene","Peb","Mar","Abr","May","Hun","Hul","Ago","Set","Okt","Nob","Dis"],"STANDALONENARROWMONTHS":["E","P","M","A","M","Hun","Hul","Ago","Set","Okt","Nob","Dis"],"MONTHS":["Enero","Pebrero","Marso","Abril","Mayo","Hunyo","Hulyo","Agosto","Setyembre","Oktubre","Nobyembre","Disyembre"],"STANDALONEMONTHS":["Enero","Pebrero","Marso","Abril","Mayo","Hunyo","Hulyo","Agosto","Setyembre","Oktubre","Nobyembre","Disyembre"],"SHORTMONTHS":["Ene","Peb","Mar","Abr","May","Hun","Hul","Ago","Set","Okt","Nob","Dis"],"STANDALONESHORTMONTHS":["Ene","Peb","Mar","Abr","May","Hun","Hul","Ago","Set","Okt","Nob","Dis"],"WEEKDAYS":["Linggo","Lunes","Martes","Miyerkules","Huwebes","Biyernes","Sabado"],"STANDALONEWEEKDAYS":["Linggo","Lunes","Martes","Miyerkules","Huwebes","Biyernes","Sabado"],"SHORTWEEKDAYS":["Lin","Lun","Mar","Miy","Huw","Biy","Sab"],"STANDALONESHORTWEEKDAYS":["Lin","Lun","Mar","Miy","Huw","Biy","Sab"],"NARROWWEEKDAYS":["Lin","Lun","Mar","Miy","Huw","Biy","Sab"],"STANDALONENARROWWEEKDAYS":["Lin","Lun","Mar","Miy","Huw","Biy","Sab"],"SHORTQUARTERS":["Q1","Q2","Q3","Q4"],"QUARTERS":["ika-1 quarter","ika-2 quarter","ika-3 quarter","ika-4 na quarter"],"AMPMS":["AM","PM"],"DATEFORMATS":["EEEE, MMMM d, y","MMMM d, y","MMM d, y","M/d/yy"],"TIMEFORMATS":["h:mm:ss a zzzz","h:mm:ss a z","h:mm:ss a","h:mm a"],"AVAILABLEFORMATS":null,"FIRSTDAYOFWEEK":6,"WEEKENDRANGE":[5,6],"FIRSTWEEKCUTOFFDAY":5,"DATETIMEFORMATS":["{1} 'nang' {0}","{1} 'nang' {0}","{1}, {0}","{1}, {0}"]}