{"NAME":"uk","ERAS":["до н. е.","н. е."],"ERANAMES":["до нашої ери","нашої ери"],"NARROWMONTHS":["с","л","б","к","т","ч","л","с","в","ж","л","г"],"STANDALONENARROWMONTHS":["С","Л","Б","К","Т","Ч","Л","С","В","Ж","Л","Г"],"MONTHS":["січня","лютого","березня","квітня","травня","червня","липня","серпня","вересня","жовтня","листопада","грудня"],"STANDALONEMONTHS":["січень","лютий","березень","квітень","травень","червень","липень","серпень","вересень","жовтень","листопад","грудень"],"SHORTMONTHS":["січ.","лют.","бер.","квіт.","трав.","черв.","лип.","серп.","вер.","жовт.","лист.","груд."],"STANDALONESHORTMONTHS":["січ","лют","бер","кві","тра","чер","лип","сер","вер","жов","лис","гру"],"WEEKDAYS":["неділя","понеділок","вівторок","середа","четвер","пʼятниця","субота"],"STANDALONEWEEKDAYS":["неділя","понеділок","вівторок","середа","четвер","пʼятниця","субота"],"SHORTWEEKDAYS":["нд","пн","вт","ср","чт","пт","сб"],"STANDALONESHORTWEEKDAYS":["нд","пн","вт","ср","чт","пт","сб"],"NARROWWEEKDAYS":["Н","П","В","С","Ч","П","С"],"STANDALONENARROWWEEKDAYS":["Н","П","В","С","Ч","П","С"],"SHORTQUARTERS":["1-й кв.","2-й кв.","3-й кв.","4-й кв."],"QUARTERS":["1-й квартал","2-й квартал","3-й квартал","4-й квартал"],"AMPMS":["дп","пп"],"DATEFORMATS":["EEEE, d MMMM y 'р'.","d MMMM y 'р'.","d MMM y 'р'.","dd.MM.yy"],"TIMEFORMATS":["HH:mm:ss zzzz","HH:mm:ss z","HH:mm:ss","HH:mm"],"AVAILABLEFORMATS":null,"FIRSTDAYOFWEEK":0,"WEEKENDRANGE":[5,6],"FIRSTWEEKCUTOFFDAY":6,"DATETIMEFORMATS":["{1} 'о' {0}","{1} 'о' {0}","{1}, {0}","{1}, {0}"]}