{"NAME":"ur","ERAS":["قبل مسیح","عیسوی"],"ERANAMES":["قبل مسیح","عیسوی"],"NARROWMONTHS":["J","F","M","A","M","J","J","A","S","O","N","D"],"STANDALONENARROWMONTHS":["J","F","M","A","M","J","J","A","S","O","N","D"],"MONTHS":["جنوری","فروری","مارچ","اپریل","مئی","جون","جولائی","اگست","ستمبر","اکتوبر","نومبر","دسمبر"],"STANDALONEMONTHS":["جنوری","فروری","مارچ","اپریل","مئی","جون","جولائی","اگست","ستمبر","اکتوبر","نومبر","دسمبر"],"SHORTMONTHS":["جنوری","فروری","مارچ","اپریل","مئی","جون","جولائی","اگست","ستمبر","اکتوبر","نومبر","دسمبر"],"STANDALONESHORTMONTHS":["جنوری","فروری","مارچ","اپریل","مئی","جون","جولائی","اگست","ستمبر","اکتوبر","نومبر","دسمبر"],"WEEKDAYS":["اتوار","پیر","منگل","بدھ","جمعرات","جمعہ","ہفتہ"],"STANDALONEWEEKDAYS":["اتوار","پیر","منگل","بدھ","جمعرات","جمعہ","ہفتہ"],"SHORTWEEKDAYS":["اتوار","پیر","منگل","بدھ","جمعرات","جمعہ","ہفتہ"],"STANDALONESHORTWEEKDAYS":["اتوار","پیر","منگل","بدھ","جمعرات","جمعہ","ہفتہ"],"NARROWWEEKDAYS":["S","M","T","W","T","F","S"],"STANDALONENARROWWEEKDAYS":["S","M","T","W","T","F","S"],"SHORTQUARTERS":["پہلی سہ ماہی","دوسری سہ ماہی","تیسری سہ ماہی","چوتهی سہ ماہی"],"QUARTERS":["پہلی سہ ماہی","دوسری سہ ماہی","تیسری سہ ماہی","چوتهی سہ ماہی"],"AMPMS":["AM","PM"],"DATEFORMATS":["EEEE، d MMMM، y","d MMMM، y","d MMM، y","d/M/yy"],"TIMEFORMATS":["h:mm:ss a zzzz","h:mm:ss a z","h:mm:ss a","h:mm a"],"AVAILABLEFORMATS":null,"FIRSTDAYOFWEEK":6,"WEEKENDRANGE":[5,6],"FIRSTWEEKCUTOFFDAY":5,"DATETIMEFORMATS":["{1} {0}","{1} {0}","{1} {0}","{1} {0}"]}