{"NAME":"uz","ERAS":["m.a.","milodiy"],"ERANAMES":["miloddan avvalgi","milodiy"],"NARROWMONTHS":["Y","F","M","A","M","I","I","A","S","O","N","D"],"STANDALONENARROWMONTHS":["Y","F","M","A","M","I","I","A","S","O","N","D"],"MONTHS":["yanvar","fevral","mart","aprel","may","iyun","iyul","avgust","sentabr","oktabr","noyabr","dekabr"],"STANDALONEMONTHS":["Yanvar","Fevral","Mart","Aprel","May","Iyun","Iyul","Avgust","Sentabr","Oktabr","Noyabr","Dekabr"],"SHORTMONTHS":["yan","fev","mar","apr","may","iyn","iyl","avg","sen","okt","noy","dek"],"STANDALONESHORTMONTHS":["Yan","Fev","Mar","Apr","May","Iyn","Iyl","Avg","Sen","Okt","Noy","Dek"],"WEEKDAYS":["yakshanba","dushanba","seshanba","chorshanba","payshanba","juma","shanba"],"STANDALONEWEEKDAYS":["yakshanba","dushanba","seshanba","chorshanba","payshanba","juma","shanba"],"SHORTWEEKDAYS":["Yak","Dush","Sesh","Chor","Pay","Jum","Shan"],"STANDALONESHORTWEEKDAYS":["Yak","Dush","Sesh","Chor","Pay","Jum","Shan"],"NARROWWEEKDAYS":["Y","D","S","C","P","J","S"],"STANDALONENARROWWEEKDAYS":["Y","D","S","C","P","J","S"],"SHORTQUARTERS":["1-ch","2-ch","3-ch","4-ch"],"QUARTERS":["1-chorak","2-chorak","3-chorak","4-chorak"],"AMPMS":["TO","TK"],"DATEFORMATS":["EEEE, d-MMMM, y","d-MMMM, y","d-MMM, y","dd/MM/yy"],"TIMEFORMATS":["H:mm:ss (zzzz)","H:mm:ss (z)","HH:mm:ss","HH:mm"],"AVAILABLEFORMATS":null,"FIRSTDAYOFWEEK":0,"WEEKENDRANGE":[5,6],"FIRSTWEEKCUTOFFDAY":6,"DATETIMEFORMATS":["{1}, {0}","{1}, {0}","{1}, {0}","{1}, {0}"]}