{"NAME":"vi","ERAS":["Trước CN","sau CN"],"ERANAMES":["Trước CN","sau CN"],"NARROWMONTHS":["1","2","3","4","5","6","7","8","9","10","11","12"],"STANDALONENARROWMONTHS":["1","2","3","4","5","6","7","8","9","10","11","12"],"MONTHS":["tháng 1","tháng 2","tháng 3","tháng 4","tháng 5","tháng 6","tháng 7","tháng 8","tháng 9","tháng 10","tháng 11","tháng 12"],"STANDALONEMONTHS":["Tháng 1","Tháng 2","Tháng 3","Tháng 4","Tháng 5","Tháng 6","Tháng 7","Tháng 8","Tháng 9","Tháng 10","Tháng 11","Tháng 12"],"SHORTMONTHS":["thg 1","thg 2","thg 3","thg 4","thg 5","thg 6","thg 7","thg 8","thg 9","thg 10","thg 11","thg 12"],"STANDALONESHORTMONTHS":["Thg 1","Thg 2","Thg 3","Thg 4","Thg 5","Thg 6","Thg 7","Thg 8","Thg 9","Thg 10","Thg 11","Thg 12"],"WEEKDAYS":["Chủ Nhật","Thứ Hai","Thứ Ba","Thứ Tư","Thứ Năm","Thứ Sáu","Thứ Bảy"],"STANDALONEWEEKDAYS":["Chủ Nhật","Thứ Hai","Thứ Ba","Thứ Tư","Thứ Năm","Thứ Sáu","Thứ Bảy"],"SHORTWEEKDAYS":["CN","Th 2","Th 3","Th 4","Th 5","Th 6","Th 7"],"STANDALONESHORTWEEKDAYS":["CN","Th 2","Th 3","Th 4","Th 5","Th 6","Th 7"],"NARROWWEEKDAYS":["CN","T2","T3","T4","T5","T6","T7"],"STANDALONENARROWWEEKDAYS":["CN","T2","T3","T4","T5","T6","T7"],"SHORTQUARTERS":["Q1","Q2","Q3","Q4"],"QUARTERS":["Quý 1","Quý 2","Quý 3","Quý 4"],"AMPMS":["SA","CH"],"DATEFORMATS":["EEEE, d MMMM, y","d MMMM, y","d MMM, y","dd/MM/y"],"TIMEFORMATS":["HH:mm:ss zzzz","HH:mm:ss z","HH:mm:ss","HH:mm"],"AVAILABLEFORMATS":null,"FIRSTDAYOFWEEK":0,"WEEKENDRANGE":[5,6],"FIRSTWEEKCUTOFFDAY":6,"DATETIMEFORMATS":["{0} {1}","{0} {1}","{0}, {1}","{0}, {1}"]}