{"NAME":"zh_TW","ERAS":["西元前","西元"],"ERANAMES":["西元前","西元"],"NARROWMONTHS":["1","2","3","4","5","6","7","8","9","10","11","12"],"STANDALONENARROWMONTHS":["1","2","3","4","5","6","7","8","9","10","11","12"],"MONTHS":["1月","2月","3月","4月","5月","6月","7月","8月","9月","10月","11月","12月"],"STANDALONEMONTHS":["1月","2月","3月","4月","5月","6月","7月","8月","9月","10月","11月","12月"],"SHORTMONTHS":["1月","2月","3月","4月","5月","6月","7月","8月","9月","10月","11月","12月"],"STANDALONESHORTMONTHS":["1月","2月","3月","4月","5月","6月","7月","8月","9月","10月","11月","12月"],"WEEKDAYS":["星期日","星期一","星期二","星期三","星期四","星期五","星期六"],"STANDALONEWEEKDAYS":["星期日","星期一","星期二","星期三","星期四","星期五","星期六"],"SHORTWEEKDAYS":["週日","週一","週二","週三","週四","週五","週六"],"STANDALONESHORTWEEKDAYS":["週日","週一","週二","週三","週四","週五","週六"],"NARROWWEEKDAYS":["日","一","二","三","四","五","六"],"STANDALONENARROWWEEKDAYS":["日","一","二","三","四","五","六"],"SHORTQUARTERS":["第1季","第2季","第3季","第4季"],"QUARTERS":["第1季","第2季","第3季","第4季"],"AMPMS":["上午","下午"],"DATEFORMATS":["y年M月d日 EEEE","y年M月d日","y年M月d日","y/M/d"],"TIMEFORMATS":["ah:mm:ss [zzzz]","ah:mm:ss [z]","ah:mm:ss","ah:mm"],"AVAILABLEFORMATS":null,"FIRSTDAYOFWEEK":6,"WEEKENDRANGE":[5,6],"FIRSTWEEKCUTOFFDAY":5,"DATETIMEFORMATS":["{1} {0}","{1} {0}","{1} {0}","{1} {0}"]}