{"NAME":"zu","ERAS":["BC","AD"],"ERANAMES":["BC","AD"],"NARROWMONTHS":["J","F","M","E","M","J","J","A","S","O","N","D"],"STANDALONENARROWMONTHS":["J","F","M","A","M","J","J","A","S","O","N","D"],"MONTHS":["Januwari","Februwari","Mashi","Ephreli","Meyi","Juni","Julayi","Agasti","Septhemba","Okthoba","Novemba","Disemba"],"STANDALONEMONTHS":["Januwari","Februwari","Mashi","Ephreli","Meyi","Juni","Julayi","Agasti","Septhemba","Okthoba","Novemba","Disemba"],"SHORTMONTHS":["Jan","Feb","Mas","Eph","Mey","Jun","Jul","Aga","Sep","Okt","Nov","Dis"],"STANDALONESHORTMONTHS":["Jan","Feb","Mas","Eph","Mey","Jun","Jul","Aga","Sep","Okt","Nov","Dis"],"WEEKDAYS":["ISonto","UMsombuluko","ULwesibili","ULwesithathu","ULwesine","ULwesihlanu","UMgqibelo"],"STANDALONEWEEKDAYS":["ISonto","UMsombuluko","ULwesibili","ULwesithathu","ULwesine","ULwesihlanu","UMgqibelo"],"SHORTWEEKDAYS":["Son","Mso","Bil","Tha","Sin","Hla","Mgq"],"STANDALONESHORTWEEKDAYS":["Son","Mso","Bil","Tha","Sin","Hla","Mgq"],"NARROWWEEKDAYS":["S","M","B","T","S","H","M"],"STANDALONENARROWWEEKDAYS":["S","M","B","T","S","H","M"],"SHORTQUARTERS":["Q1","Q2","Q3","Q4"],"QUARTERS":["ikota yesi-1","ikota yesi-2","ikota yesi-3","ikota yesi-4"],"AMPMS":["AM","PM"],"DATEFORMATS":["EEEE, MMMM d, y","MMMM d, y","MMM d, y","M/d/yy"],"TIMEFORMATS":["HH:mm:ss zzzz","HH:mm:ss z","HH:mm:ss","HH:mm"],"AVAILABLEFORMATS":null,"FIRSTDAYOFWEEK":6,"WEEKENDRANGE":[5,6],"FIRSTWEEKCUTOFFDAY":5,"DATETIMEFORMATS":["{1} {0}","{1} {0}","{1} {0}","{1} {0}"]}